A股代码,A股简称,所属行业
000001,平安银行,J 金融业
000002,万  科Ａ,K 房地产
000004,国华网安,I 信息技术
000005,ST星源,N 公共环保
000006,深振业Ａ,K 房地产
000007,*ST全新,K 房地产
000008,神州高铁,C 制造业
000009,中国宝安,S 综合
000010,美丽生态,E 建筑业
000011,深物业A,K 房地产
000012,南  玻Ａ,C 制造业
000014,沙河股份,K 房地产
000016,深康佳Ａ,C 制造业
000017,深中华A,C 制造业
000019,深粮控股,F 批发零售
000020,深华发Ａ,C 制造业
000021,深科技,C 制造业
000023,ST深天,C 制造业
000025,特  力Ａ,F 批发零售
000026,飞亚达,F 批发零售
000027,深圳能源,D 水电煤气
000028,国药一致,F 批发零售
000029,深深房Ａ,K 房地产
000030,富奥股份,C 制造业
000031,大悦城,K 房地产
000032,深桑达Ａ,E 建筑业
000034,神州数码,F 批发零售
000035,中国天楹,N 公共环保
000036,华联控股,K 房地产
000037,深南电A,D 水电煤气
000039,中集集团,C 制造业
000040,东旭蓝天,D 水电煤气
000042,中洲控股,K 房地产
000045,深纺织Ａ,C 制造业
000046,*ST泛海,J 金融业
000048,京基智农,C 制造业
000049,德赛电池,C 制造业
000050,深天马Ａ,C 制造业
000055,方大集团,C 制造业
000056,皇庭国际,L 商务服务
000058,深 赛 格,L 商务服务
000059,华锦股份,C 制造业
000060,中金岭南,C 制造业
000061,农 产 品,L 商务服务
000062,深圳华强,F 批发零售
000063,中兴通讯,C 制造业
000065,北方国际,E 建筑业
000066,中国长城,C 制造业
000068,华控赛格,M 科研服务
000069,华侨城Ａ,K 房地产
000070,特发信息,C 制造业
000078,海王生物,F 批发零售
000088,盐 田 港,G 运输仓储
000089,深圳机场,G 运输仓储
000090,天健集团,E 建筑业
000096,广聚能源,F 批发零售
000099,中信海直,G 运输仓储
000100,TCL科技,C 制造业
000151,中成股份,F 批发零售
000153,丰原药业,C 制造业
000155,川能动力,D 水电煤气
000156,华数传媒,R 文化传播
000157,中联重科,C 制造业
000158,常山北明,I 信息技术
000159,国际实业,F 批发零售
000166,申万宏源,J 金融业
000301,东方盛虹,C 制造业
000333,美的集团,C 制造业
000338,潍柴动力,C 制造业
000400,许继电气,C 制造业
000401,冀东水泥,C 制造业
000402,金 融 街,K 房地产
000403,派林生物,C 制造业
000404,长虹华意,C 制造业
000407,胜利股份,D 水电煤气
000408,藏格矿业,C 制造业
000409,云鼎科技,I 信息技术
000410,沈阳机床,C 制造业
000411,英特集团,F 批发零售
000413,东旭光电,C 制造业
000415,渤海租赁,L 商务服务
000416,*ST民控,J 金融业
000417,合肥百货,F 批发零售
000419,通程控股,F 批发零售
000420,吉林化纤,C 制造业
000421,南京公用,D 水电煤气
000422,湖北宜化,C 制造业
000423,东阿阿胶,C 制造业
000425,徐工机械,C 制造业
000426,兴业银锡,B 采矿业
000428,华天酒店,H 住宿餐饮
000429,粤高速Ａ,G 运输仓储
000430,张家界,N 公共环保
000488,晨鸣纸业,C 制造业
000498,山东路桥,E 建筑业
000501,武商集团,F 批发零售
000503,国新健康,I 信息技术
000504,南华生物,M 科研服务
000505,京粮控股,C 制造业
000506,中润资源,B 采矿业
000507,珠海港,G 运输仓储
000509,华塑控股,Q 卫生
000510,新金路,C 制造业
000513,丽珠集团,C 制造业
000514,渝 开 发,K 房地产
000516,国际医学,Q 卫生
000517,荣安地产,K 房地产
000518,四环生物,C 制造业
000519,中兵红箭,C 制造业
000520,凤凰航运,G 运输仓储
000521,长虹美菱,C 制造业
000523,广州浪奇,C 制造业
000524,岭南控股,L 商务服务
000525,ST红太阳,C 制造业
000526,学大教育,P 教育
000528,柳    工,C 制造业
000529,广弘控股,C 制造业
000530,冰山冷热,C 制造业
000531,穗恒运Ａ,D 水电煤气
000532,华金资本,S 综合
000533,顺钠股份,C 制造业
000534,万泽股份,C 制造业
000536,华映科技,C 制造业
000537,广宇发展,K 房地产
000538,云南白药,C 制造业
000539,粤电力Ａ,D 水电煤气
000541,佛山照明,C 制造业
000543,皖能电力,D 水电煤气
000544,中原环保,D 水电煤气
000545,金浦钛业,C 制造业
000546,ST金圆,N 公共环保
000547,航天发展,C 制造业
000548,湖南投资,G 运输仓储
000550,江铃汽车,C 制造业
000551,创元科技,S 综合
000552,甘肃能化,B 采矿业
000553,安道麦A,C 制造业
000554,泰山石油,F 批发零售
000555,神州信息,I 信息技术
000557,西部创业,G 运输仓储
000558,莱茵体育,K 房地产
000559,万向钱潮,C 制造业
000560,我爱我家,K 房地产
000561,烽火电子,C 制造业
000563,陕国投Ａ,J 金融业
000564,ST大集,F 批发零售
000565,渝三峡Ａ,C 制造业
000566,海南海药,C 制造业
000567,海德股份,J 金融业
000568,泸州老窖,C 制造业
000570,苏常柴Ａ,C 制造业
000571,新大洲A,S 综合
000572,海马汽车,C 制造业
000573,粤宏远Ａ,K 房地产
000576,甘化科工,C 制造业
000581,威孚高科,C 制造业
000582,北部湾港,G 运输仓储
000584,ST工智,C 制造业
000586,汇源通信,C 制造业
000589,贵州轮胎,C 制造业
000590,启迪药业,C 制造业
000591,太阳能,D 水电煤气
000592,平潭发展,A 农林牧渔
000593,德龙汇能,D 水电煤气
000595,宝塔实业,C 制造业
000596,古井贡酒,C 制造业
000597,东北制药,C 制造业
000598,兴蓉环境,D 水电煤气
000599,青岛双星,C 制造业
000600,建投能源,D 水电煤气
000601,韶能股份,D 水电煤气
000603,盛达资源,B 采矿业
000605,渤海股份,D 水电煤气
000607,华媒控股,R 文化传播
000608,阳光股份,K 房地产
000609,中迪投资,S 综合
000610,西安旅游,N 公共环保
000612,焦作万方,C 制造业
000615,*ST美谷,K 房地产
000617,中油资本,J 金融业
000619,海螺新材,C 制造业
000620,*ST新联,K 房地产
000622,恒立实业,C 制造业
000623,吉林敖东,C 制造业
000625,长安汽车,C 制造业
000626,远大控股,F 批发零售
000627,天茂集团,J 金融业
000628,高新发展,E 建筑业
000629,钒钛股份,C 制造业
000630,铜陵有色,C 制造业
000631,顺发恒业,K 房地产
000632,三木集团,F 批发零售
000633,合金投资,C 制造业
000635,英 力 特,C 制造业
000636,风华高科,C 制造业
000637,ST实华,C 制造业
000638,万方发展,I 信息技术
000639,西王食品,C 制造业
000650,仁和药业,C 制造业
000651,格力电器,C 制造业
000652,泰达股份,F 批发零售
000655,金岭矿业,B 采矿业
000656,金科股份,K 房地产
000657,中钨高新,C 制造业
000659,珠海中富,C 制造业
000661,长春高新,C 制造业
000663,永安林业,C 制造业
000665,湖北广电,R 文化传播
000666,经纬纺机,J 金融业
000668,荣丰控股,K 房地产
000669,ST金鸿,D 水电煤气
000670,盈方微,C 制造业
000672,上峰水泥,C 制造业
000676,智度股份,I 信息技术
000677,恒天海龙,C 制造业
000678,襄阳轴承,C 制造业
000679,大连友谊,F 批发零售
000680,山推股份,C 制造业
000681,视觉中国,R 文化传播
000682,东方电子,I 信息技术
000683,远兴能源,C 制造业
000685,中山公用,D 水电煤气
000686,东北证券,J 金融业
000688,国城矿业,B 采矿业
000690,宝新能源,D 水电煤气
000691,亚太实业,C 制造业
000692,*ST惠天,D 水电煤气
000695,滨海能源,C 制造业
000697,*ST炼石,C 制造业
000698,沈阳化工,C 制造业
000700,模塑科技,C 制造业
000701,厦门信达,F 批发零售
000702,正虹科技,C 制造业
000703,恒逸石化,C 制造业
000705,浙江震元,F 批发零售
000707,双环科技,C 制造业
000708,中信特钢,C 制造业
000709,河钢股份,C 制造业
000710,贝瑞基因,M 科研服务
000711,*ST京蓝,E 建筑业
000712,锦龙股份,J 金融业
000713,丰乐种业,A 农林牧渔
000715,中兴商业,F 批发零售
000716,黑芝麻,C 制造业
000717,中南股份,C 制造业
000718,苏宁环球,K 房地产
000719,中原传媒,R 文化传播
000720,新能泰山,K 房地产
000721,西安饮食,H 住宿餐饮
000722,湖南发展,D 水电煤气
000723,美锦能源,C 制造业
000725,京东方Ａ,C 制造业
000726,鲁  泰Ａ,C 制造业
000727,冠捷科技,C 制造业
000728,国元证券,J 金融业
000729,燕京啤酒,C 制造业
000731,四川美丰,C 制造业
000733,振华科技,C 制造业
000735,罗 牛 山,A 农林牧渔
000736,中交地产,K 房地产
000737,北方铜业,C 制造业
000738,航发控制,C 制造业
000739,普洛药业,C 制造业
000750,国海证券,J 金融业
000751,锌业股份,C 制造业
000752,*ST西发,C 制造业
000753,漳州发展,F 批发零售
000755,山西路桥,G 运输仓储
000756,新华制药,C 制造业
000757,浩物股份,F 批发零售
000758,中色股份,B 采矿业
000759,中百集团,F 批发零售
000761,本钢板材,C 制造业
000762,西藏矿业,B 采矿业
000766,通化金马,C 制造业
000767,晋控电力,D 水电煤气
000768,中航西飞,C 制造业
000776,广发证券,J 金融业
000777,中核科技,C 制造业
000778,新兴铸管,C 制造业
000779,甘咨询,M 科研服务
000782,美达股份,C 制造业
000783,长江证券,J 金融业
000785,居然之家,L 商务服务
000786,北新建材,C 制造业
000788,北大医药,C 制造业
000789,万年青,C 制造业
000790,华神科技,C 制造业
000791,甘肃能源,D 水电煤气
000792,盐湖股份,C 制造业
000793,华闻集团,R 文化传播
000795,英洛华,C 制造业
000796,*ST凯撒,L 商务服务
000797,中国武夷,K 房地产
000798,中水渔业,A 农林牧渔
000799,酒鬼酒,C 制造业
000800,一汽解放,C 制造业
000801,四川九洲,C 制造业
000802,北京文化,R 文化传播
000803,山高环能,N 公共环保
000807,云铝股份,C 制造业
000809,铁岭新城,N 公共环保
000810,创维数字,C 制造业
000811,冰轮环境,C 制造业
000812,陕西金叶,C 制造业
000813,德展健康,C 制造业
000815,美利云,C 制造业
000816,智慧农业,C 制造业
000818,航锦科技,C 制造业
000819,岳阳兴长,C 制造业
000820,神雾节能,C 制造业
000821,京山轻机,C 制造业
000822,山东海化,C 制造业
000823,超声电子,C 制造业
000825,太钢不锈,C 制造业
000826,启迪环境,N 公共环保
000828,东莞控股,G 运输仓储
000829,天音控股,F 批发零售
000830,鲁西化工,C 制造业
000831,中国稀土,C 制造业
000833,粤桂股份,S 综合
000836,富通信息,C 制造业
000837,秦川机床,C 制造业
000838,财信发展,K 房地产
000839,ST国安,I 信息技术
000848,承德露露,C 制造业
000850,华茂股份,C 制造业
000851,高鸿股份,F 批发零售
000852,石化机械,C 制造业
000856,冀东装备,C 制造业
000858,五 粮 液,C 制造业
000859,国风新材,C 制造业
000860,顺鑫农业,C 制造业
000861,海印股份,L 商务服务
000862,银星能源,D 水电煤气
000863,三湘印象,K 房地产
000868,安凯客车,C 制造业
000869,张  裕Ａ,C 制造业
000875,吉电股份,D 水电煤气
000876,新 希 望,C 制造业
000877,天山股份,C 制造业
000878,云南铜业,C 制造业
000880,潍柴重机,C 制造业
000881,中广核技,C 制造业
000882,华联股份,L 商务服务
000883,湖北能源,D 水电煤气
000885,城发环境,G 运输仓储
000886,海南高速,K 房地产
000887,中鼎股份,C 制造业
000888,峨眉山Ａ,N 公共环保
000889,ST中嘉,I 信息技术
000890,法尔胜,C 制造业
000892,欢瑞世纪,R 文化传播
000893,亚钾国际,C 制造业
000895,双汇发展,C 制造业
000897,津滨发展,K 房地产
000898,鞍钢股份,C 制造业
000899,赣能股份,D 水电煤气
000900,现代投资,G 运输仓储
000901,航天科技,C 制造业
000902,新洋丰,C 制造业
000903,云内动力,C 制造业
000905,厦门港务,G 运输仓储
000906,浙商中拓,F 批发零售
000908,景峰医药,C 制造业
000909,ST数源,K 房地产
000910,大亚圣象,C 制造业
000911,南宁糖业,C 制造业
000912,泸天化,C 制造业
000913,钱江摩托,C 制造业
000915,华特达因,C 制造业
000917,电广传媒,I 信息技术
000919,金陵药业,C 制造业
000920,沃顿科技,C 制造业
000921,海信家电,C 制造业
000922,佳电股份,C 制造业
000923,河钢资源,B 采矿业
000925,众合科技,C 制造业
000926,福星股份,K 房地产
000927,中国铁物,F 批发零售
000928,中钢国际,E 建筑业
000929,兰州黄河,C 制造业
000930,中粮科技,C 制造业
000931,中 关 村,C 制造业
000932,华菱钢铁,C 制造业
000933,神火股份,C 制造业
000935,四川双马,C 制造业
000936,华西股份,C 制造业
000937,冀中能源,B 采矿业
000938,紫光股份,C 制造业
000948,南天信息,I 信息技术
000949,新乡化纤,C 制造业
000950,重药控股,F 批发零售
000951,中国重汽,C 制造业
000952,广济药业,C 制造业
000953,河化股份,C 制造业
000955,欣龙控股,C 制造业
000957,中通客车,C 制造业
000958,电投产融,J 金融业
000959,首钢股份,C 制造业
000960,锡业股份,C 制造业
000961,中南建设,K 房地产
000962,东方钽业,C 制造业
000963,华东医药,F 批发零售
000965,天保基建,K 房地产
000966,长源电力,D 水电煤气
000967,盈峰环境,N 公共环保
000968,蓝焰控股,B 采矿业
000969,安泰科技,C 制造业
000970,中科三环,C 制造业
000971,ST高升,I 信息技术
000972,中基健康,C 制造业
000973,佛塑科技,C 制造业
000975,银泰黄金,B 采矿业
000976,ST华铁,C 制造业
000977,浪潮信息,C 制造业
000978,桂林旅游,N 公共环保
000980,众泰汽车,C 制造业
000981,山子股份,C 制造业
000982,中银绒业,C 制造业
000983,山西焦煤,B 采矿业
000985,大庆华科,C 制造业
000987,越秀资本,J 金融业
000988,华工科技,C 制造业
000989,九 芝 堂,C 制造业
000990,诚志股份,C 制造业
000993,闽东电力,D 水电煤气
000995,皇台酒业,C 制造业
000996,*ST中期,F 批发零售
000997,新 大 陆,I 信息技术
000998,隆平高科,A 农林牧渔
000999,华润三九,C 制造业
001201,东瑞股份,A 农林牧渔
001202,炬申股份,G 运输仓储
001203,大中矿业,B 采矿业
001205,盛航股份,G 运输仓储
001206,依依股份,C 制造业
001207,联科科技,C 制造业
001208,华菱线缆,C 制造业
001209,洪兴股份,C 制造业
001210,金房能源,D 水电煤气
001211,双枪科技,C 制造业
001212,中旗新材,C 制造业
001213,中铁特货,G 运输仓储
001215,千味央厨,C 制造业
001216,华瓷股份,C 制造业
001217,华尔泰,C 制造业
001218,丽臣实业,C 制造业
001219,青岛食品,C 制造业
001222,源飞宠物,C 制造业
001223,欧克科技,C 制造业
001225,和泰机电,C 制造业
001226,拓山重工,C 制造业
001227,兰州银行,J 金融业
001228,永泰运,L 商务服务
001229,魅视科技,C 制造业
001230,劲旅环境,N 公共环保
001231,农心科技,C 制造业
001234,泰慕士,C 制造业
001236,弘业期货,J 金融业
001238,浙江正特,C 制造业
001255,博菲电气,C 制造业
001256,炜冈科技,C 制造业
001258,立新能源,D 水电煤气
001259,利仁科技,C 制造业
001260,坤泰股份,C 制造业
001266,宏英智能,C 制造业
001267,汇绿生态,E 建筑业
001268,联合精密,C 制造业
001269,欧晶科技,C 制造业
001270,铖昌科技,C 制造业
001278,一彬科技,C 制造业
001282,三联锻造,C 制造业
001283,豪鹏科技,C 制造业
001286,陕西能源,D 水电煤气
001287,中电港,F 批发零售
001288,运机集团,C 制造业
001289,龙源电力,D 水电煤气
001296,长江材料,C 制造业
001298,好上好,F 批发零售
001299,美能能源,D 水电煤气
001300,三柏硕,C 制造业
001301,尚太科技,C 制造业
001308,康冠科技,C 制造业
001309,德明利,C 制造业
001311,多利科技,C 制造业
001313,粤海饲料,C 制造业
001314,亿道信息,C 制造业
001316,润贝航科,F 批发零售
001317,三羊马,G 运输仓储
001318,阳光乳业,C 制造业
001319,铭科精技,C 制造业
001322,箭牌家居,C 制造业
001323,慕思股份,C 制造业
001324,长青科技,C 制造业
001328,登康口腔,C 制造业
001330,博纳影业,R 文化传播
001331,胜通能源,D 水电煤气
001332,锡装股份,C 制造业
001333,光华股份,C 制造业
001336,楚环科技,C 制造业
001337,四川黄金,B 采矿业
001338,永顺泰,C 制造业
001339,智微智能,C 制造业
001360,南矿集团,C 制造业
001366,播恩集团,C 制造业
001367,海森药业,C 制造业
001368,通达创智,C 制造业
001373,翔腾新材,C 制造业
001380,华纬科技,C 制造业
001696,宗申动力,C 制造业
001872,招商港口,G 运输仓储
001896,豫能控股,D 水电煤气
001914,招商积余,K 房地产
001965,招商公路,G 运输仓储
001979,招商蛇口,K 房地产
002001,新 和 成,C 制造业
002002,鸿达兴业,C 制造业
002003,伟星股份,C 制造业
002004,华邦健康,C 制造业
002005,ST德豪,C 制造业
002006,精工科技,C 制造业
002007,华兰生物,C 制造业
002008,大族激光,C 制造业
002009,天奇股份,C 制造业
002010,传化智联,L 商务服务
002011,盾安环境,C 制造业
002012,凯恩股份,C 制造业
002014,永新股份,C 制造业
002015,协鑫能科,D 水电煤气
002016,世荣兆业,K 房地产
002017,东信和平,C 制造业
002019,亿帆医药,C 制造业
002020,京新药业,C 制造业
002021,*ST中捷,C 制造业
002022,科华生物,C 制造业
002023,海特高新,C 制造业
002024,ST易购,F 批发零售
002025,航天电器,C 制造业
002026,山东威达,C 制造业
002027,分众传媒,L 商务服务
002028,思源电气,C 制造业
002029,七 匹 狼,C 制造业
002030,达安基因,C 制造业
002031,巨轮智能,C 制造业
002032,苏 泊 尔,C 制造业
002033,丽江股份,N 公共环保
002034,旺能环境,N 公共环保
002035,华帝股份,C 制造业
002036,联创电子,C 制造业
002037,保利联合,C 制造业
002038,双鹭药业,C 制造业
002039,黔源电力,D 水电煤气
002040,南 京 港,G 运输仓储
002041,登海种业,A 农林牧渔
002042,华孚时尚,C 制造业
002043,兔 宝 宝,C 制造业
002044,美年健康,Q 卫生
002045,国光电器,C 制造业
002046,国机精工,C 制造业
002047,宝鹰股份,E 建筑业
002048,宁波华翔,C 制造业
002049,紫光国微,C 制造业
002050,三花智控,C 制造业
002051,中工国际,E 建筑业
002052,ST同洲,C 制造业
002053,云南能投,C 制造业
002054,德美化工,C 制造业
002055,得润电子,C 制造业
002056,横店东磁,C 制造业
002057,中钢天源,C 制造业
002058,威尔泰,C 制造业
002059,云南旅游,N 公共环保
002060,粤 水 电,E 建筑业
002061,浙江交科,E 建筑业
002062,宏润建设,E 建筑业
002063,远光软件,I 信息技术
002064,华峰化学,C 制造业
002065,东华软件,I 信息技术
002066,瑞泰科技,C 制造业
002067,景兴纸业,C 制造业
002068,黑猫股份,C 制造业
002069,獐子岛,A 农林牧渔
002072,凯瑞德,I 信息技术
002073,软控股份,C 制造业
002074,国轩高科,C 制造业
002075,沙钢股份,C 制造业
002076,星光股份,C 制造业
002077,大港股份,C 制造业
002078,太阳纸业,C 制造业
002079,苏州固锝,C 制造业
002080,中材科技,C 制造业
002081,金 螳 螂,E 建筑业
002082,万邦德,C 制造业
002083,孚日股份,C 制造业
002084,海鸥住工,C 制造业
002085,万丰奥威,C 制造业
002086,*ST东洋,A 农林牧渔
002087,*ST新纺,C 制造业
002088,鲁阳节能,C 制造业
002089,*ST新海,C 制造业
002090,金智科技,C 制造业
002091,江苏国泰,F 批发零售
002092,中泰化学,C 制造业
002093,国脉科技,I 信息技术
002094,青岛金王,C 制造业
002095,生 意 宝,I 信息技术
002096,易普力,C 制造业
002097,山河智能,C 制造业
002098,浔兴股份,C 制造业
002099,海翔药业,C 制造业
002100,天康生物,C 制造业
002101,广东鸿图,C 制造业
002102,冠福股份,C 制造业
002103,广博股份,L 商务服务
002104,恒宝股份,C 制造业
002105,信隆健康,C 制造业
002106,莱宝高科,C 制造业
002107,沃华医药,C 制造业
002108,沧州明珠,C 制造业
002109,兴化股份,C 制造业
002110,三钢闽光,C 制造业
002111,威海广泰,C 制造业
002112,三变科技,C 制造业
002114,罗平锌电,C 制造业
002115,三维通信,L 商务服务
002116,中国海诚,E 建筑业
002117,东港股份,C 制造业
002119,康强电子,C 制造业
002120,韵达股份,G 运输仓储
002121,科陆电子,C 制造业
002122,汇洲智能,C 制造业
002123,梦网科技,I 信息技术
002124,天邦食品,A 农林牧渔
002125,湘潭电化,C 制造业
002126,银轮股份,C 制造业
002127,南极电商,L 商务服务
002128,电投能源,B 采矿业
002129,TCL中环,C 制造业
002130,沃尔核材,C 制造业
002131,利欧股份,I 信息技术
002132,恒星科技,C 制造业
002133,广宇集团,K 房地产
002134,天津普林,C 制造业
002135,东南网架,C 制造业
002136,安 纳 达,C 制造业
002137,实益达,C 制造业
002138,顺络电子,C 制造业
002139,拓邦股份,C 制造业
002140,东华科技,E 建筑业
002141,贤丰控股,C 制造业
002142,宁波银行,J 金融业
002144,宏达高科,C 制造业
002145,中核钛白,C 制造业
002146,荣盛发展,K 房地产
002148,北纬科技,I 信息技术
002149,西部材料,C 制造业
002150,通润装备,C 制造业
002151,北斗星通,C 制造业
002152,广电运通,C 制造业
002153,石基信息,I 信息技术
002154,报 喜 鸟,C 制造业
002155,湖南黄金,B 采矿业
002156,通富微电,C 制造业
002157,*ST 正邦,A 农林牧渔
002158,汉钟精机,C 制造业
002159,三特索道,N 公共环保
002160,常铝股份,C 制造业
002161,远 望 谷,C 制造业
002162,悦心健康,C 制造业
002163,海南发展,E 建筑业
002164,宁波东力,C 制造业
002165,红 宝 丽,C 制造业
002166,莱茵生物,C 制造业
002167,东方锆业,C 制造业
002168,惠程科技,I 信息技术
002169,智光电气,C 制造业
002170,芭田股份,C 制造业
002171,楚江新材,C 制造业
002172,澳洋健康,C 制造业
002173,创新医疗,Q 卫生
002174,游族网络,I 信息技术
002175,东方智造,C 制造业
002176,江特电机,C 制造业
002177,御银股份,C 制造业
002178,延华智能,M 科研服务
002179,中航光电,C 制造业
002180,纳思达,C 制造业
002181,粤 传 媒,L 商务服务
002182,宝武镁业,C 制造业
002183,怡 亚 通,L 商务服务
002184,海得控制,C 制造业
002185,华天科技,C 制造业
002186,全 聚 德,H 住宿餐饮
002187,广百股份,F 批发零售
002188,中天服务,L 商务服务
002189,中光学,C 制造业
002190,成飞集成,C 制造业
002191,劲嘉股份,C 制造业
002192,融捷股份,B 采矿业
002193,如意集团,C 制造业
002194,武汉凡谷,C 制造业
002195,岩山科技,I 信息技术
002196,方正电机,C 制造业
002197,证通电子,I 信息技术
002198,嘉应制药,C 制造业
002199,东晶电子,C 制造业
002200,ST交投,A 农林牧渔
002201,正威新材,C 制造业
002202,金风科技,C 制造业
002203,海亮股份,C 制造业
002204,大连重工,C 制造业
002205,国统股份,C 制造业
002206,海 利 得,C 制造业
002207,准油股份,B 采矿业
002208,合肥城建,K 房地产
002209,达 意 隆,C 制造业
002210,飞马国际,L 商务服务
002211,宏达新材,C 制造业
002212,天融信,I 信息技术
002213,大为股份,C 制造业
002214,大立科技,C 制造业
002215,诺 普 信,C 制造业
002216,三全食品,C 制造业
002217,合力泰,C 制造业
002218,拓日新能,C 制造业
002219,新里程,Q 卫生
002221,东华能源,F 批发零售
002222,福晶科技,C 制造业
002223,鱼跃医疗,C 制造业
002224,三 力 士,C 制造业
002225,濮耐股份,C 制造业
002226,江南化工,C 制造业
002227,奥 特 迅,C 制造业
002228,合兴包装,C 制造业
002229,鸿博股份,C 制造业
002230,科大讯飞,I 信息技术
002231,奥维通信,C 制造业
002232,启明信息,I 信息技术
002233,塔牌集团,C 制造业
002234,民和股份,A 农林牧渔
002235,安妮股份,I 信息技术
002236,大华股份,C 制造业
002237,恒邦股份,C 制造业
002238,天威视讯,I 信息技术
002239,奥特佳,C 制造业
002240,盛新锂能,C 制造业
002241,歌尔股份,C 制造业
002242,九阳股份,C 制造业
002243,力合科创,C 制造业
002244,滨江集团,K 房地产
002245,蔚蓝锂芯,C 制造业
002246,北化股份,C 制造业
002247,聚力文化,I 信息技术
002248,华东数控,C 制造业
002249,大洋电机,C 制造业
002250,联化科技,C 制造业
002251,步 步 高,F 批发零售
002252,上海莱士,C 制造业
002253,川大智胜,I 信息技术
002254,泰和新材,C 制造业
002255,海陆重工,C 制造业
002256,兆新股份,D 水电煤气
002258,利尔化学,C 制造业
002259,ST升达,D 水电煤气
002261,拓维信息,I 信息技术
002262,恩华药业,C 制造业
002263,大东南,C 制造业
002264,新 华 都,F 批发零售
002265,建设工业,C 制造业
002266,浙富控股,N 公共环保
002267,陕天然气,D 水电煤气
002268,电科网安,I 信息技术
002269,美邦服饰,C 制造业
002270,华明装备,C 制造业
002271,东方雨虹,C 制造业
002272,川润股份,C 制造业
002273,水晶光电,C 制造业
002274,华昌化工,C 制造业
002275,桂林三金,C 制造业
002276,万马股份,C 制造业
002277,友阿股份,F 批发零售
002278,神开股份,C 制造业
002279,久其软件,I 信息技术
002280,联络互动,F 批发零售
002281,光迅科技,C 制造业
002282,博深股份,C 制造业
002283,天润工业,C 制造业
002284,亚太股份,C 制造业
002285,世联行,K 房地产
002286,保龄宝,C 制造业
002287,奇正藏药,C 制造业
002288,超华科技,C 制造业
002289,ST宇顺,C 制造业
002290,禾盛新材,C 制造业
002291,遥望科技,C 制造业
002292,奥飞娱乐,C 制造业
002293,罗莱生活,C 制造业
002294,信立泰,C 制造业
002295,精艺股份,C 制造业
002296,辉煌科技,C 制造业
002297,博云新材,C 制造业
002298,中电兴发,I 信息技术
002299,圣农发展,A 农林牧渔
002300,太阳电缆,C 制造业
002301,齐心集团,C 制造业
002302,西部建设,C 制造业
002303,美盈森,C 制造业
002304,洋河股份,C 制造业
002305,南国置业,K 房地产
002306,中科云网,I 信息技术
002307,北新路桥,E 建筑业
002308,威创股份,C 制造业
002309,ST中利,C 制造业
002310,东方园林,N 公共环保
002311,海大集团,C 制造业
002312,川发龙蟒,C 制造业
002313,*ST日海,C 制造业
002314,南山控股,K 房地产
002315,焦点科技,I 信息技术
002316,亚联发展,I 信息技术
002317,众生药业,C 制造业
002318,久立特材,C 制造业
002319,乐通股份,C 制造业
002320,海峡股份,G 运输仓储
002321,华英农业,A 农林牧渔
002322,理工能科,I 信息技术
002323,雅博股份,E 建筑业
002324,普利特,C 制造业
002325,洪涛股份,E 建筑业
002326,永太科技,C 制造业
002327,富安娜,C 制造业
002328,新朋股份,C 制造业
002329,皇氏集团,C 制造业
002330,得利斯,C 制造业
002331,皖通科技,I 信息技术
002332,仙琚制药,C 制造业
002333,罗普斯金,C 制造业
002334,英威腾,C 制造业
002335,科华数据,C 制造业
002336,人人乐,F 批发零售
002337,赛象科技,C 制造业
002338,奥普光电,C 制造业
002339,积成电子,C 制造业
002340,格林美,C 制造业
002341,新纶新材,C 制造业
002342,巨力索具,C 制造业
002343,慈文传媒,R 文化传播
002344,海宁皮城,L 商务服务
002345,潮宏基,C 制造业
002346,柘中股份,C 制造业
002347,泰尔股份,C 制造业
002348,高乐股份,C 制造业
002349,精华制药,C 制造业
002350,北京科锐,C 制造业
002351,漫步者,C 制造业
002352,顺丰控股,G 运输仓储
002353,杰瑞股份,C 制造业
002354,天娱数科,I 信息技术
002355,兴民智通,C 制造业
002356,赫美集团,F 批发零售
002357,富临运业,G 运输仓储
002358,森源电气,C 制造业
002360,同德化工,C 制造业
002361,神剑股份,C 制造业
002362,汉王科技,C 制造业
002363,隆基机械,C 制造业
002364,中恒电气,C 制造业
002365,永安药业,C 制造业
002366,融发核电,C 制造业
002367,康力电梯,C 制造业
002368,太极股份,I 信息技术
002369,卓翼科技,C 制造业
002370,亚太药业,C 制造业
002371,北方华创,C 制造业
002372,伟星新材,C 制造业
002373,千方科技,I 信息技术
002374,中锐股份,C 制造业
002375,亚厦股份,E 建筑业
002376,新北洋,C 制造业
002377,国创高新,K 房地产
002378,章源钨业,C 制造业
002379,宏创控股,C 制造业
002380,科远智慧,I 信息技术
002381,双箭股份,C 制造业
002382,蓝帆医疗,C 制造业
002383,合众思壮,C 制造业
002384,东山精密,C 制造业
002385,大北农,C 制造业
002386,天原股份,C 制造业
002387,维信诺,C 制造业
002388,新亚制程,C 制造业
002389,航天彩虹,C 制造业
002390,信邦制药,C 制造业
002391,长青股份,C 制造业
002392,北京利尔,C 制造业
002393,力生制药,C 制造业
002394,联发股份,C 制造业
002395,双象股份,C 制造业
002396,星网锐捷,C 制造业
002397,梦洁股份,C 制造业
002398,垒知集团,C 制造业
002399,海普瑞,C 制造业
002400,省广集团,L 商务服务
002401,中远海科,I 信息技术
002402,和而泰,C 制造业
002403,爱仕达,C 制造业
002404,嘉欣丝绸,C 制造业
002405,四维图新,I 信息技术
002406,远东传动,C 制造业
002407,多氟多,C 制造业
002408,齐翔腾达,C 制造业
002409,雅克科技,C 制造业
002410,广联达,I 信息技术
002412,汉森制药,C 制造业
002413,雷科防务,C 制造业
002414,高德红外,C 制造业
002415,海康威视,C 制造业
002416,爱施德,F 批发零售
002418,康盛股份,C 制造业
002419,天虹股份,F 批发零售
002420,毅昌科技,C 制造业
002421,达实智能,I 信息技术
002422,科伦药业,C 制造业
002423,中粮资本,J 金融业
002424,贵州百灵,C 制造业
002425,凯撒文化,I 信息技术
002426,胜利精密,C 制造业
002427,尤夫股份,C 制造业
002428,云南锗业,C 制造业
002429,兆驰股份,C 制造业
002430,杭氧股份,C 制造业
002431,棕榈股份,E 建筑业
002432,九安医疗,C 制造业
002433,*ST太安,C 制造业
002434,万里扬,C 制造业
002435,长江健康,C 制造业
002436,兴森科技,C 制造业
002437,誉衡药业,C 制造业
002438,江苏神通,C 制造业
002439,启明星辰,I 信息技术
002440,闰土股份,C 制造业
002441,众业达,F 批发零售
002442,龙星化工,C 制造业
002443,金洲管道,C 制造业
002444,巨星科技,C 制造业
002445,中南文化,R 文化传播
002446,盛路通信,C 制造业
002448,中原内配,C 制造业
002449,国星光电,C 制造业
002451,摩恩电气,C 制造业
002452,长高电新,C 制造业
002453,华软科技,I 信息技术
002454,松芝股份,C 制造业
002455,百川股份,C 制造业
002456,欧菲光,C 制造业
002457,青龙管业,C 制造业
002458,益生股份,A 农林牧渔
002459,晶澳科技,C 制造业
002460,赣锋锂业,C 制造业
002461,珠江啤酒,C 制造业
002462,嘉事堂,F 批发零售
002463,沪电股份,C 制造业
002465,海格通信,C 制造业
002466,天齐锂业,C 制造业
002467,二六三,I 信息技术
002468,申通快递,G 运输仓储
002469,三维化学,C 制造业
002470,金正大,C 制造业
002471,中超控股,C 制造业
002472,双环传动,C 制造业
002474,榕基软件,I 信息技术
002475,立讯精密,C 制造业
002476,宝莫股份,C 制造业
002478,常宝股份,C 制造业
002479,富春环保,D 水电煤气
002480,新筑股份,C 制造业
002481,双塔食品,C 制造业
002482,*ST广田,E 建筑业
002483,润邦股份,C 制造业
002484,江海股份,C 制造业
002485,*ST雪发,N 公共环保
002486,嘉麟杰,C 制造业
002487,大金重工,C 制造业
002488,金固股份,C 制造业
002489,浙江永强,C 制造业
002490,山东墨龙,C 制造业
002491,通鼎互联,C 制造业
002492,恒基达鑫,G 运输仓储
002493,荣盛石化,C 制造业
002494,华斯股份,C 制造业
002495,佳隆股份,C 制造业
002496,辉丰股份,C 制造业
002497,雅化集团,C 制造业
002498,汉缆股份,C 制造业
002500,山西证券,J 金融业
002501,利源股份,C 制造业
002502,ST鼎龙,R 文化传播
002505,鹏都农牧,F 批发零售
002506,协鑫集成,C 制造业
002507,涪陵榨菜,C 制造业
002508,老板电器,C 制造业
002510,天汽模,C 制造业
002511,中顺洁柔,C 制造业
002512,达华智能,C 制造业
002513,蓝丰生化,C 制造业
002514,宝馨科技,C 制造业
002515,金字火腿,C 制造业
002516,旷达科技,C 制造业
002517,恺英网络,I 信息技术
002518,科士达,C 制造业
002519,银河电子,C 制造业
002520,日发精机,C 制造业
002521,齐峰新材,C 制造业
002522,浙江众成,C 制造业
002523,天桥起重,C 制造业
002524,光正眼科,Q 卫生
002526,山东矿机,C 制造业
002527,新时达,C 制造业
002528,英飞拓,C 制造业
002529,海源复材,C 制造业
002530,金财互联,I 信息技术
002531,天顺风能,C 制造业
002532,天山铝业,C 制造业
002533,金杯电工,C 制造业
002534,西子洁能,C 制造业
002535,林州重机,C 制造业
002536,飞龙股份,C 制造业
002537,海联金汇,C 制造业
002538,司尔特,C 制造业
002539,云图控股,C 制造业
002540,亚太科技,C 制造业
002541,鸿路钢构,C 制造业
002542,中化岩土,E 建筑业
002543,万和电气,C 制造业
002544,普天科技,I 信息技术
002545,东方铁塔,C 制造业
002546,新联电子,C 制造业
002547,春兴精工,C 制造业
002548,金新农,C 制造业
002549,凯美特气,N 公共环保
002550,千红制药,C 制造业
002551,尚荣医疗,C 制造业
002552,宝鼎科技,C 制造业
002553,南方精工,C 制造业
002554,惠博普,B 采矿业
002555,三七互娱,I 信息技术
002556,辉隆股份,F 批发零售
002557,洽洽食品,C 制造业
002558,巨人网络,I 信息技术
002559,亚威股份,C 制造业
002560,通达股份,C 制造业
002561,徐家汇,F 批发零售
002562,兄弟科技,C 制造业
002563,森马服饰,C 制造业
002564,*ST天沃,E 建筑业
002565,顺灏股份,C 制造业
002566,益盛药业,C 制造业
002567,唐人神,C 制造业
002568,百润股份,C 制造业
002569,ST步森,C 制造业
002570,贝因美,C 制造业
002571,德力股份,C 制造业
002572,索菲亚,C 制造业
002573,清新环境,N 公共环保
002574,明牌珠宝,C 制造业
002575,群兴玩具,C 制造业
002576,通达动力,C 制造业
002577,雷柏科技,C 制造业
002578,闽发铝业,C 制造业
002579,中京电子,C 制造业
002580,圣阳股份,C 制造业
002581,未名医药,C 制造业
002582,好想你,C 制造业
002583,海能达,C 制造业
002584,西陇科学,C 制造业
002585,双星新材,C 制造业
002586,*ST围海,E 建筑业
002587,奥拓电子,C 制造业
002588,史丹利,C 制造业
002589,瑞康医药,F 批发零售
002590,万安科技,C 制造业
002591,恒大高新,C 制造业
002592,ST八菱,C 制造业
002593,日上集团,C 制造业
002594,比亚迪,C 制造业
002595,豪迈科技,C 制造业
002596,海南瑞泽,C 制造业
002597,金禾实业,C 制造业
002598,山东章鼓,C 制造业
002599,盛通股份,C 制造业
002600,领益智造,C 制造业
002601,龙佰集团,C 制造业
002602,世纪华通,I 信息技术
002603,以岭药业,C 制造业
002605,姚记科技,I 信息技术
002606,大连电瓷,C 制造业
002607,中公教育,P 教育
002608,江苏国信,D 水电煤气
002609,捷顺科技,I 信息技术
002610,爱康科技,C 制造业
002611,东方精工,C 制造业
002612,朗姿股份,C 制造业
002613,北玻股份,C 制造业
002614,奥佳华,C 制造业
002615,哈尔斯,C 制造业
002616,长青集团,N 公共环保
002617,露笑科技,C 制造业
002620,瑞和股份,E 建筑业
002621,美吉姆,P 教育
002622,皓宸医疗,C 制造业
002623,亚玛顿,C 制造业
002624,完美世界,I 信息技术
002625,光启技术,C 制造业
002626,金达威,C 制造业
002627,三峡旅游,G 运输仓储
002628,成都路桥,E 建筑业
002629,仁智股份,B 采矿业
002630,华西能源,C 制造业
002631,德尔未来,C 制造业
002632,道明光学,C 制造业
002633,申科股份,C 制造业
002634,棒杰股份,C 制造业
002635,安洁科技,C 制造业
002636,金安国纪,C 制造业
002637,赞宇科技,C 制造业
002638,勤上股份,C 制造业
002639,雪人股份,C 制造业
002640,跨境通,F 批发零售
002641,公元股份,C 制造业
002642,荣联科技,I 信息技术
002643,万润股份,C 制造业
002644,佛慈制药,C 制造业
002645,华宏科技,C 制造业
002646,天佑德酒,C 制造业
002647,仁东控股,J 金融业
002648,卫星化学,C 制造业
002649,博彦科技,I 信息技术
002650,加加食品,C 制造业
002651,利君股份,C 制造业
002652,扬子新材,C 制造业
002653,海思科,C 制造业
002654,万润科技,L 商务服务
002655,共达电声,C 制造业
002656,ST摩登,C 制造业
002657,中科金财,I 信息技术
002658,雪迪龙,C 制造业
002659,凯文教育,P 教育
002660,茂硕电源,C 制造业
002661,克明食品,C 制造业
002662,京威股份,C 制造业
002663,普邦股份,E 建筑业
002664,信质集团,C 制造业
002665,首航高科,C 制造业
002666,德联集团,C 制造业
002667,威领股份,C 制造业
002668,奥马电器,C 制造业
002669,康达新材,C 制造业
002670,国盛金控,J 金融业
002671,龙泉股份,C 制造业
002672,东江环保,C 制造业
002673,西部证券,J 金融业
002674,兴业科技,C 制造业
002675,东诚药业,C 制造业
002676,顺威股份,C 制造业
002677,浙江美大,C 制造业
002678,珠江钢琴,C 制造业
002679,福建金森,A 农林牧渔
002681,奋达科技,C 制造业
002682,龙洲股份,G 运输仓储
002683,广东宏大,B 采矿业
002685,华东重机,C 制造业
002686,亿利达,C 制造业
002687,乔治白,C 制造业
002688,金河生物,C 制造业
002689,远大智能,C 制造业
002690,美亚光电,C 制造业
002691,冀凯股份,C 制造业
002692,ST远程,C 制造业
002693,双成药业,C 制造业
002694,顾地科技,C 制造业
002695,煌上煌,C 制造业
002696,百洋股份,A 农林牧渔
002697,红旗连锁,F 批发零售
002698,博实股份,C 制造业
002699,*ST美盛,R 文化传播
002700,ST浩源,D 水电煤气
002701,奥瑞金,C 制造业
002702,海欣食品,C 制造业
002703,浙江世宝,C 制造业
002705,新宝股份,C 制造业
002706,良信股份,C 制造业
002707,众信旅游,L 商务服务
002708,光洋股份,C 制造业
002709,天赐材料,C 制造业
002712,思美传媒,L 商务服务
002713,东易日盛,E 建筑业
002714,牧原股份,A 农林牧渔
002715,登云股份,C 制造业
002716,金贵银业,C 制造业
002717,岭南股份,N 公共环保
002718,友邦吊顶,C 制造业
002719,麦趣尔,C 制造业
002721,*ST金一,C 制造业
002722,物产金轮,C 制造业
002723,小崧股份,C 制造业
002724,海洋王,C 制造业
002725,跃岭股份,C 制造业
002726,龙大美食,C 制造业
002727,一心堂,F 批发零售
002728,特一药业,C 制造业
002729,好利科技,C 制造业
002730,电光科技,C 制造业
002731,萃华珠宝,C 制造业
002732,燕塘乳业,C 制造业
002733,雄韬股份,C 制造业
002734,利民股份,C 制造业
002735,王子新材,C 制造业
002736,国信证券,J 金融业
002737,葵花药业,C 制造业
002738,中矿资源,C 制造业
002739,万达电影,R 文化传播
002740,*ST爱迪,C 制造业
002741,光华科技,C 制造业
002742,ST三圣,C 制造业
002743,富煌钢构,C 制造业
002745,木林森,C 制造业
002746,仙坛股份,C 制造业
002747,埃斯顿,C 制造业
002748,世龙实业,C 制造业
002749,国光股份,C 制造业
002750,龙津药业,C 制造业
002752,昇兴股份,C 制造业
002753,永东股份,C 制造业
002755,奥赛康,C 制造业
002756,永兴材料,C 制造业
002757,南兴股份,C 制造业
002758,浙农股份,F 批发零售
002759,天际股份,C 制造业
002760,凤形股份,C 制造业
002761,浙江建投,E 建筑业
002762,金发拉比,C 制造业
002763,汇洁股份,C 制造业
002765,蓝黛科技,C 制造业
002766,索菱股份,C 制造业
002767,先锋电子,C 制造业
002768,国恩股份,C 制造业
002769,普路通,L 商务服务
002771,真视通,I 信息技术
002772,众兴菌业,A 农林牧渔
002773,康弘药业,C 制造业
002774,快意电梯,C 制造业
002775,文科园林,E 建筑业
002776,*ST柏龙,M 科研服务
002777,久远银海,I 信息技术
002778,中晟高科,C 制造业
002779,中坚科技,C 制造业
002780,三夫户外,F 批发零售
002782,可立克,C 制造业
002783,凯龙股份,C 制造业
002785,万里石,C 制造业
002786,银宝山新,C 制造业
002787,华源控股,C 制造业
002788,鹭燕医药,F 批发零售
002789,建艺集团,E 建筑业
002790,瑞尔特,C 制造业
002791,坚朗五金,C 制造业
002792,通宇通讯,C 制造业
002793,罗欣药业,C 制造业
002795,永和智控,C 制造业
002796,世嘉科技,C 制造业
002797,第一创业,J 金融业
002798,帝欧家居,C 制造业
002799,环球印务,C 制造业
002800,ST天顺,G 运输仓储
002801,微光股份,C 制造业
002802,洪汇新材,C 制造业
002803,吉宏股份,I 信息技术
002805,丰元股份,C 制造业
002806,华锋股份,C 制造业
002807,江阴银行,J 金融业
002808,ST恒久,C 制造业
002809,红墙股份,C 制造业
002810,山东赫达,C 制造业
002811,郑中设计,E 建筑业
002812,恩捷股份,C 制造业
002813,路畅科技,C 制造业
002815,崇达技术,C 制造业
002816,*ST和科,C 制造业
002817,黄山胶囊,C 制造业
002818,富森美,L 商务服务
002819,东方中科,F 批发零售
002820,桂发祥,C 制造业
002821,凯莱英,C 制造业
002822,中装建设,E 建筑业
002823,凯中精密,C 制造业
002824,和胜股份,C 制造业
002825,纳尔股份,C 制造业
002826,易明医药,C 制造业
002827,高争民爆,C 制造业
002828,贝肯能源,B 采矿业
002829,星网宇达,C 制造业
002830,名雕股份,E 建筑业
002831,裕同科技,C 制造业
002832,比音勒芬,C 制造业
002833,弘亚数控,C 制造业
002835,同为股份,C 制造业
002836,新宏泽,C 制造业
002837,英维克,C 制造业
002838,道恩股份,C 制造业
002839,张家港行,J 金融业
002840,华统股份,C 制造业
002841,视源股份,C 制造业
002842,翔鹭钨业,C 制造业
002843,泰嘉股份,C 制造业
002845,同兴达,C 制造业
002846,英联股份,C 制造业
002847,盐津铺子,C 制造业
002848,高斯贝尔,C 制造业
002849,威星智能,C 制造业
002850,科达利,C 制造业
002851,麦格米特,C 制造业
002852,道道全,C 制造业
002853,皮阿诺,C 制造业
002855,捷荣技术,C 制造业
002856,美芝股份,E 建筑业
002857,三晖电气,C 制造业
002858,力盛体育,R 文化传播
002859,洁美科技,C 制造业
002860,星帅尔,C 制造业
002861,瀛通通讯,C 制造业
002862,实丰文化,C 制造业
002863,今飞凯达,C 制造业
002864,盘龙药业,C 制造业
002865,钧达股份,C 制造业
002866,传艺科技,C 制造业
002867,周大生,C 制造业
002868,绿康生化,C 制造业
002869,金溢科技,C 制造业
002870,香山股份,C 制造业
002871,伟隆股份,C 制造业
002872,ST天圣,F 批发零售
002873,新天药业,C 制造业
002875,安奈儿,C 制造业
002876,三利谱,C 制造业
002877,智能自控,C 制造业
002878,元隆雅图,L 商务服务
002879,长缆科技,C 制造业
002880,卫光生物,C 制造业
002881,美格智能,C 制造业
002882,金龙羽,C 制造业
002883,中设股份,M 科研服务
002884,凌霄泵业,C 制造业
002885,京泉华,C 制造业
002886,沃特股份,C 制造业
002887,绿茵生态,N 公共环保
002888,惠威科技,C 制造业
002889,东方嘉盛,L 商务服务
002890,弘宇股份,C 制造业
002891,中宠股份,C 制造业
002892,科力尔,C 制造业
002893,京能热力,D 水电煤气
002895,川恒股份,C 制造业
002896,中大力德,C 制造业
002897,意华股份,C 制造业
002898,赛隆药业,C 制造业
002899,英派斯,C 制造业
002900,哈三联,C 制造业
002901,大博医疗,C 制造业
002902,铭普光磁,C 制造业
002903,宇环数控,C 制造业
002905,金逸影视,R 文化传播
002906,华阳集团,C 制造业
002907,华森制药,C 制造业
002908,德生科技,I 信息技术
002909,集泰股份,C 制造业
002910,庄园牧场,C 制造业
002911,佛燃能源,D 水电煤气
002912,中新赛克,I 信息技术
002913,奥士康,C 制造业
002915,中欣氟材,C 制造业
002916,深南电路,C 制造业
002917,金奥博,C 制造业
002918,蒙娜丽莎,C 制造业
002919,名臣健康,C 制造业
002920,德赛西威,C 制造业
002921,联诚精密,C 制造业
002922,伊戈尔,C 制造业
002923,润都股份,C 制造业
002925,盈趣科技,C 制造业
002926,华西证券,J 金融业
002927,泰永长征,C 制造业
002928,华夏航空,G 运输仓储
002929,润建股份,I 信息技术
002930,宏川智慧,G 运输仓储
002931,锋龙股份,C 制造业
002932,明德生物,C 制造业
002933,新兴装备,C 制造业
002935,天奥电子,C 制造业
002936,郑州银行,J 金融业
002937,兴瑞科技,C 制造业
002938,鹏鼎控股,C 制造业
002939,长城证券,J 金融业
002940,昂利康,C 制造业
002941,新疆交建,E 建筑业
002942,新农股份,C 制造业
002943,宇晶股份,C 制造业
002945,华林证券,J 金融业
002946,新乳业,C 制造业
002947,恒铭达,C 制造业
002948,青岛银行,J 金融业
002949,华阳国际,M 科研服务
002950,奥美医疗,C 制造业
002951,ST金时,C 制造业
002952,亚世光电,C 制造业
002953,日丰股份,C 制造业
002955,鸿合科技,C 制造业
002956,西麦食品,C 制造业
002957,科瑞技术,C 制造业
002958,青农商行,J 金融业
002959,小熊电器,C 制造业
002960,青鸟消防,C 制造业
002961,瑞达期货,J 金融业
002962,五方光电,C 制造业
002963,豪尔赛,E 建筑业
002965,祥鑫科技,C 制造业
002966,苏州银行,J 金融业
002967,广电计量,M 科研服务
002968,新大正,K 房地产
002969,嘉美包装,C 制造业
002970,锐明技术,I 信息技术
002971,和远气体,C 制造业
002972,科安达,C 制造业
002973,侨银股份,N 公共环保
002975,博杰股份,C 制造业
002976,瑞玛精密,C 制造业
002977,天箭科技,C 制造业
002978,安宁股份,B 采矿业
002979,雷赛智能,C 制造业
002980,华盛昌,C 制造业
002981,朝阳科技,C 制造业
002982,湘佳股份,A 农林牧渔
002983,芯瑞达,C 制造业
002984,森麒麟,C 制造业
002985,北摩高科,C 制造业
002986,宇新股份,C 制造业
002987,京北方,I 信息技术
002988,豪美新材,C 制造业
002989,中天精装,E 建筑业
002990,盛视科技,I 信息技术
002991,甘源食品,C 制造业
002992,宝明科技,C 制造业
002993,奥海科技,C 制造业
002995,天地在线,I 信息技术
002996,顺博合金,C 制造业
002997,瑞鹄模具,C 制造业
002998,优彩资源,C 制造业
002999,天禾股份,F 批发零售
003000,劲仔食品,C 制造业
003001,中岩大地,E 建筑业
003002,壶化股份,C 制造业
003003,天元股份,C 制造业
003004,声迅股份,I 信息技术
003005,竞业达,I 信息技术
003006,百亚股份,C 制造业
003007,直真科技,I 信息技术
003008,开普检测,M 科研服务
003009,中天火箭,C 制造业
003010,若羽臣,I 信息技术
003011,海象新材,C 制造业
003012,东鹏控股,C 制造业
003013,地铁设计,M 科研服务
003015,日久光电,C 制造业
003016,欣贺股份,C 制造业
003017,大洋生物,C 制造业
003018,金富科技,C 制造业
003019,宸展光电,C 制造业
003020,立方制药,F 批发零售
003021,兆威机电,C 制造业
003022,联泓新科,C 制造业
003023,彩虹集团,C 制造业
003025,思进智能,C 制造业
003026,中晶科技,C 制造业
003027,同兴环保,N 公共环保
003028,振邦智能,C 制造业
003029,吉大正元,I 信息技术
003030,祖名股份,C 制造业
003031,中瓷电子,C 制造业
003032,传智教育,P 教育
003033,征和工业,C 制造业
003035,南网能源,M 科研服务
003036,泰坦股份,C 制造业
003037,三和管桩,C 制造业
003038,鑫铂股份,C 制造业
003039,顺控发展,D 水电煤气
003040,楚天龙,C 制造业
003041,真爱美家,C 制造业
003042,中农联合,C 制造业
003043,华亚智能,C 制造业
003816,中国广核,D 水电煤气
300001,特锐德,C 制造业
300002,神州泰岳,I 信息技术
300003,乐普医疗,C 制造业
300004,南风股份,C 制造业
300005,探路者,C 制造业
300006,莱美药业,C 制造业
300007,汉威科技,C 制造业
300008,天海防务,E 建筑业
300009,安科生物,C 制造业
300010,*ST豆神,I 信息技术
300011,鼎汉技术,C 制造业
300012,华测检测,M 科研服务
300013,新宁物流,G 运输仓储
300014,亿纬锂能,C 制造业
300015,爱尔眼科,Q 卫生
300016,北陆药业,C 制造业
300017,网宿科技,I 信息技术
300018,中元股份,C 制造业
300019,硅宝科技,C 制造业
300020,银江技术,I 信息技术
300021,大禹节水,C 制造业
300022,吉峰科技,F 批发零售
300024,机器人,C 制造业
300025,华星创业,I 信息技术
300026,红日药业,C 制造业
300027,华谊兄弟,R 文化传播
300029,ST天龙,C 制造业
300030,阳普医疗,C 制造业
300031,宝通科技,I 信息技术
300032,金龙机电,C 制造业
300033,同花顺,J 金融业
300034,钢研高纳,C 制造业
300035,中科电气,C 制造业
300036,超图软件,I 信息技术
300037,新宙邦,C 制造业
300039,上海凯宝,C 制造业
300040,九洲集团,C 制造业
300041,回天新材,C 制造业
300042,朗科科技,C 制造业
300043,星辉娱乐,I 信息技术
300044,赛为智能,I 信息技术
300045,华力创通,C 制造业
300046,台基股份,C 制造业
300047,天源迪科,I 信息技术
300048,合康新能,C 制造业
300049,福瑞股份,C 制造业
300050,世纪鼎利,I 信息技术
300051,琏升科技,I 信息技术
300052,中青宝,I 信息技术
300053,航宇微,C 制造业
300054,鼎龙股份,C 制造业
300055,万邦达,E 建筑业
300056,中创环保,C 制造业
300057,万顺新材,C 制造业
300058,蓝色光标,L 商务服务
300059,东方财富,J 金融业
300061,旗天科技,L 商务服务
300062,中能电气,C 制造业
300063,天龙集团,L 商务服务
300065,海兰信,C 制造业
300066,三川智慧,C 制造业
300067,安诺其,C 制造业
300068,南都电源,C 制造业
300069,金利华电,C 制造业
300070,碧水源,N 公共环保
300071,福石控股,L 商务服务
300072,海新能科,C 制造业
300073,当升科技,C 制造业
300074,华平股份,I 信息技术
300075,数字政通,I 信息技术
300076,GQY视讯,C 制造业
300077,国民技术,C 制造业
300078,思创医惠,C 制造业
300079,数码视讯,C 制造业
300080,易成新能,C 制造业
300081,恒信东方,M 科研服务
300082,奥克股份,C 制造业
300083,创世纪,C 制造业
300084,海默科技,B 采矿业
300085,银之杰,I 信息技术
300086,康芝药业,C 制造业
300087,荃银高科,A 农林牧渔
300088,长信科技,C 制造业
300091,金通灵,C 制造业
300092,科新机电,C 制造业
300093,金刚光伏,C 制造业
300094,国联水产,C 制造业
300095,华伍股份,C 制造业
300096,易联众,I 信息技术
300097,智云股份,C 制造业
300098,高新兴,I 信息技术
300099,精准信息,C 制造业
300100,双林股份,C 制造业
300101,振芯科技,C 制造业
300102,乾照光电,C 制造业
300103,达刚控股,N 公共环保
300105,龙源技术,C 制造业
300106,西部牧业,A 农林牧渔
300107,建新股份,C 制造业
300108,*ST吉药,C 制造业
300109,新开源,C 制造业
300110,华仁药业,C 制造业
300111,向日葵,C 制造业
300112,万讯自控,C 制造业
300113,顺网科技,I 信息技术
300114,中航电测,C 制造业
300115,长盈精密,C 制造业
300116,保力新,C 制造业
300117,嘉寓股份,E 建筑业
300118,东方日升,C 制造业
300119,瑞普生物,C 制造业
300120,经纬辉开,C 制造业
300121,阳谷华泰,C 制造业
300122,智飞生物,C 制造业
300123,亚光科技,C 制造业
300124,汇川技术,C 制造业
300125,聆达股份,C 制造业
300126,锐奇股份,C 制造业
300127,银河磁体,C 制造业
300128,锦富技术,C 制造业
300129,泰胜风能,C 制造业
300130,新国都,C 制造业
300131,英唐智控,F 批发零售
300132,青松股份,C 制造业
300133,华策影视,R 文化传播
300134,大富科技,C 制造业
300135,宝利国际,C 制造业
300136,信维通信,C 制造业
300137,先河环保,C 制造业
300138,晨光生物,C 制造业
300139,晓程科技,C 制造业
300140,节能环境,C 制造业
300141,和顺电气,C 制造业
300142,沃森生物,C 制造业
300143,盈康生命,Q 卫生
300144,宋城演艺,R 文化传播
300145,中金环境,C 制造业
300146,汤臣倍健,C 制造业
300147,香雪制药,C 制造业
300148,天舟文化,I 信息技术
300149,睿智医药,M 科研服务
300150,世纪瑞尔,I 信息技术
300151,昌红科技,C 制造业
300152,新动力,N 公共环保
300153,科泰电源,C 制造业
300154,瑞凌股份,C 制造业
300155,安居宝,C 制造业
300157,新锦动力,B 采矿业
300158,振东制药,C 制造业
300159,新研股份,C 制造业
300160,秀强股份,C 制造业
300161,华中数控,C 制造业
300162,雷曼光电,C 制造业
300163,先锋新材,C 制造业
300164,通源石油,B 采矿业
300165,天瑞仪器,C 制造业
300166,东方国信,I 信息技术
300167,ST迪威迅,I 信息技术
300168,万达信息,I 信息技术
300169,天晟新材,C 制造业
300170,汉得信息,I 信息技术
300171,东富龙,C 制造业
300172,中电环保,N 公共环保
300173,福能东方,C 制造业
300174,元力股份,C 制造业
300175,朗源股份,C 制造业
300176,派生科技,C 制造业
300177,中海达,C 制造业
300179,四方达,C 制造业
300180,华峰超纤,C 制造业
300181,佐力药业,C 制造业
300182,捷成股份,R 文化传播
300183,东软载波,I 信息技术
300184,力源信息,F 批发零售
300185,通裕重工,C 制造业
300187,永清环保,N 公共环保
300188,美亚柏科,I 信息技术
300189,神农科技,A 农林牧渔
300190,维尔利,N 公共环保
300191,潜能恒信,B 采矿业
300192,科德教育,P 教育
300193,佳士科技,C 制造业
300194,福安药业,C 制造业
300195,长荣股份,C 制造业
300196,长海股份,C 制造业
300197,节能铁汉,N 公共环保
300198,纳川股份,C 制造业
300199,翰宇药业,C 制造业
300200,高盟新材,C 制造业
300201,海伦哲,C 制造业
300203,聚光科技,C 制造业
300204,舒泰神,C 制造业
300205,天喻信息,C 制造业
300206,理邦仪器,C 制造业
300207,欣旺达,C 制造业
300208,青岛中程,C 制造业
300209,ST有棵树,F 批发零售
300210,森远股份,C 制造业
300211,亿通科技,C 制造业
300212,易华录,I 信息技术
300213,佳讯飞鸿,C 制造业
300214,日科化学,C 制造业
300215,电科院,M 科研服务
300217,东方电热,C 制造业
300218,安利股份,C 制造业
300219,鸿利智汇,C 制造业
300220,ST金运,C 制造业
300221,银禧科技,C 制造业
300222,科大智能,C 制造业
300223,北京君正,C 制造业
300224,正海磁材,C 制造业
300225,金力泰,C 制造业
300226,上海钢联,I 信息技术
300227,光韵达,C 制造业
300228,富瑞特装,C 制造业
300229,拓尔思,I 信息技术
300230,永利股份,C 制造业
300231,银信科技,I 信息技术
300232,洲明科技,C 制造业
300233,金城医药,C 制造业
300234,开尔新材,C 制造业
300235,方直科技,I 信息技术
300236,上海新阳,C 制造业
300237,美晨生态,E 建筑业
300238,冠昊生物,C 制造业
300239,东宝生物,C 制造业
300240,飞力达,G 运输仓储
300241,瑞丰光电,C 制造业
300242,佳云科技,I 信息技术
300243,瑞丰高材,C 制造业
300244,迪安诊断,Q 卫生
300245,天玑科技,I 信息技术
300246,宝莱特,C 制造业
300247,融捷健康,C 制造业
300248,新开普,I 信息技术
300249,依米康,I 信息技术
300250,初灵信息,I 信息技术
300251,光线传媒,R 文化传播
300252,金信诺,C 制造业
300253,卫宁健康,I 信息技术
300254,仟源医药,C 制造业
300255,常山药业,C 制造业
300256,星星科技,C 制造业
300257,开山股份,C 制造业
300258,精锻科技,C 制造业
300259,新天科技,C 制造业
300260,新莱应材,C 制造业
300261,雅本化学,C 制造业
300262,巴安水务,N 公共环保
300263,隆华科技,C 制造业
300264,佳创视讯,I 信息技术
300265,通光线缆,C 制造业
300266,兴源环境,N 公共环保
300267,尔康制药,C 制造业
300268,*ST佳沃,C 制造业
300269,联建光电,L 商务服务
300270,中威电子,C 制造业
300271,华宇软件,I 信息技术
300272,开能健康,C 制造业
300274,阳光电源,C 制造业
300275,梅安森,I 信息技术
300276,三丰智能,C 制造业
300277,海联讯,I 信息技术
300278,华昌达,C 制造业
300279,和晶科技,C 制造业
300280,紫天科技,L 商务服务
300281,金明精机,C 制造业
300282,*ST三盛,C 制造业
300283,温州宏丰,C 制造业
300284,苏交科,M 科研服务
300285,国瓷材料,C 制造业
300286,安科瑞,C 制造业
300287,飞利信,I 信息技术
300288,朗玛信息,I 信息技术
300289,利德曼,C 制造业
300290,荣科科技,I 信息技术
300291,百纳千成,R 文化传播
300292,吴通控股,I 信息技术
300293,蓝英装备,C 制造业
300294,博雅生物,C 制造业
300295,三六五网,I 信息技术
300296,利亚德,C 制造业
300298,三诺生物,C 制造业
300299,富春股份,I 信息技术
300300,海峡创新,I 信息技术
300301,*ST长方,C 制造业
300302,同有科技,I 信息技术
300303,聚飞光电,C 制造业
300304,云意电气,C 制造业
300305,裕兴股份,C 制造业
300306,远方信息,C 制造业
300307,慈星股份,C 制造业
300308,中际旭创,C 制造业
300310,宜通世纪,I 信息技术
300311,任子行,I 信息技术
300313,*ST天山,A 农林牧渔
300314,戴维医疗,C 制造业
300315,掌趣科技,I 信息技术
300316,晶盛机电,C 制造业
300317,珈伟新能,C 制造业
300318,博晖创新,C 制造业
300319,麦捷科技,C 制造业
300320,海达股份,C 制造业
300321,同大股份,C 制造业
300322,硕贝德,C 制造业
300323,华灿光电,C 制造业
300324,旋极信息,I 信息技术
300326,凯利泰,C 制造业
300327,中颖电子,C 制造业
300328,宜安科技,C 制造业
300329,海伦钢琴,C 制造业
300331,苏大维格,C 制造业
300332,天壕能源,D 水电煤气
300333,兆日科技,I 信息技术
300334,津膜科技,C 制造业
300335,迪森股份,D 水电煤气
300337,银邦股份,C 制造业
300338,开元教育,P 教育
300339,润和软件,I 信息技术
300340,科恒股份,C 制造业
300341,麦克奥迪,C 制造业
300342,天银机电,C 制造业
300343,联创股份,C 制造业
300344,立方数科,I 信息技术
300345,华民股份,C 制造业
300346,南大光电,C 制造业
300347,泰格医药,M 科研服务
300348,长亮科技,I 信息技术
300349,金卡智能,I 信息技术
300350,华鹏飞,I 信息技术
300351,永贵电器,C 制造业
300352,北信源,I 信息技术
300353,东土科技,C 制造业
300354,东华测试,C 制造业
300355,蒙草生态,N 公共环保
300357,我武生物,C 制造业
300358,楚天科技,C 制造业
300359,全通教育,I 信息技术
300360,炬华科技,C 制造业
300363,博腾股份,C 制造业
300364,中文在线,R 文化传播
300365,恒华科技,I 信息技术
300366,创意信息,I 信息技术
300368,汇金股份,C 制造业
300369,绿盟科技,I 信息技术
300370,安控科技,C 制造业
300371,汇中股份,C 制造业
300373,扬杰科技,C 制造业
300374,中铁装配,C 制造业
300375,鹏翎股份,C 制造业
300376,易事特,C 制造业
300377,赢时胜,I 信息技术
300378,鼎捷软件,I 信息技术
300379,东方通,I 信息技术
300380,安硕信息,I 信息技术
300381,溢多利,C 制造业
300382,斯莱克,C 制造业
300383,光环新网,I 信息技术
300384,三联虹普,M 科研服务
300385,雪浪环境,C 制造业
300386,飞天诚信,I 信息技术
300387,富邦股份,C 制造业
300388,节能国祯,N 公共环保
300389,艾比森,C 制造业
300390,天华新能,C 制造业
300391,长药控股,C 制造业
300393,中来股份,C 制造业
300394,天孚通信,C 制造业
300395,菲利华,C 制造业
300396,迪瑞医疗,C 制造业
300397,天和防务,C 制造业
300398,飞凯材料,C 制造业
300399,天利科技,I 信息技术
300400,劲拓股份,C 制造业
300401,花园生物,C 制造业
300402,宝色股份,C 制造业
300403,汉宇集团,C 制造业
300404,博济医药,M 科研服务
300405,科隆股份,C 制造业
300406,九强生物,C 制造业
300407,凯发电气,C 制造业
300408,三环集团,C 制造业
300409,道氏技术,C 制造业
300410,正业科技,C 制造业
300411,金盾股份,C 制造业
300412,迦南科技,C 制造业
300413,芒果超媒,R 文化传播
300414,中光防雷,C 制造业
300415,伊之密,C 制造业
300416,苏试试验,M 科研服务
300417,南华仪器,C 制造业
300418,昆仑万维,I 信息技术
300419,浩丰科技,I 信息技术
300420,五洋停车,C 制造业
300421,力星股份,C 制造业
300422,博世科,N 公共环保
300423,昇辉科技,C 制造业
300424,航新科技,C 制造业
300425,中建环能,C 制造业
300426,唐德影视,R 文化传播
300427,*ST红相,C 制造业
300428,立中集团,C 制造业
300429,强力新材,C 制造业
300430,诚益通,C 制造业
300432,富临精工,C 制造业
300433,蓝思科技,C 制造业
300434,金石亚药,C 制造业
300435,中泰股份,D 水电煤气
300436,广生堂,C 制造业
300437,清水源,C 制造业
300438,鹏辉能源,C 制造业
300439,美康生物,C 制造业
300440,运达科技,I 信息技术
300441,鲍斯股份,C 制造业
300442,润泽科技,C 制造业
300443,金雷股份,C 制造业
300444,双杰电气,C 制造业
300445,康斯特,C 制造业
300446,乐凯新材,C 制造业
300447,全信股份,C 制造业
300448,浩云科技,I 信息技术
300449,汉邦高科,C 制造业
300450,先导智能,C 制造业
300451,创业慧康,I 信息技术
300452,山河药辅,C 制造业
300453,三鑫医疗,C 制造业
300454,深信服,I 信息技术
300455,航天智装,C 制造业
300456,赛微电子,C 制造业
300457,赢合科技,C 制造业
300458,全志科技,C 制造业
300459,汤姆猫,I 信息技术
300460,惠伦晶体,C 制造业
300461,田中精机,C 制造业
300462,华铭智能,C 制造业
300463,迈克生物,C 制造业
300464,星徽股份,F 批发零售
300465,高伟达,I 信息技术
300466,赛摩智能,C 制造业
300467,迅游科技,I 信息技术
300468,四方精创,I 信息技术
300469,信息发展,I 信息技术
300470,中密控股,C 制造业
300471,厚普股份,C 制造业
300472,新元科技,C 制造业
300473,德尔股份,C 制造业
300474,景嘉微,C 制造业
300475,香农芯创,F 批发零售
300476,胜宏科技,C 制造业
300477,合纵科技,C 制造业
300478,杭州高新,C 制造业
300479,神思电子,C 制造业
300480,光力科技,C 制造业
300481,濮阳惠成,C 制造业
300482,万孚生物,C 制造业
300483,首华燃气,B 采矿业
300484,蓝海华腾,C 制造业
300485,赛升药业,C 制造业
300486,东杰智能,C 制造业
300487,蓝晓科技,C 制造业
300488,恒锋工具,C 制造业
300489,光智科技,C 制造业
300490,华自科技,C 制造业
300491,通合科技,C 制造业
300492,华图山鼎,M 科研服务
300493,润欣科技,I 信息技术
300494,盛天网络,I 信息技术
300495,*ST美尚,N 公共环保
300496,中科创达,I 信息技术
300497,富祥药业,C 制造业
300498,温氏股份,A 农林牧渔
300499,高澜股份,C 制造业
300500,启迪设计,M 科研服务
300501,海顺新材,C 制造业
300502,新易盛,C 制造业
300503,昊志机电,C 制造业
300504,天邑股份,C 制造业
300505,川金诺,C 制造业
300506,名家汇,E 建筑业
300507,苏奥传感,C 制造业
300508,维宏股份,I 信息技术
300509,新美星,C 制造业
300510,金冠股份,C 制造业
300511,雪榕生物,A 农林牧渔
300512,中亚股份,C 制造业
300513,恒实科技,I 信息技术
300514,友讯达,C 制造业
300515,三德科技,C 制造业
300516,久之洋,C 制造业
300517,海波重科,E 建筑业
300518,盛讯达,I 信息技术
300519,新光药业,C 制造业
300520,科大国创,I 信息技术
300521,爱司凯,C 制造业
300522,世名科技,C 制造业
300523,辰安科技,I 信息技术
300525,博思软件,I 信息技术
300527,中船应急,C 制造业
300528,幸福蓝海,R 文化传播
300529,健帆生物,C 制造业
300530,领湃科技,C 制造业
300531,优博讯,C 制造业
300532,今天国际,I 信息技术
300533,冰川网络,I 信息技术
300534,陇神戎发,C 制造业
300535,达威股份,C 制造业
300536,农尚环境,E 建筑业
300537,广信材料,C 制造业
300538,同益股份,F 批发零售
300539,横河精密,C 制造业
300540,蜀道装备,C 制造业
300541,先进数通,I 信息技术
300542,新晨科技,I 信息技术
300543,朗科智能,C 制造业
300545,联得装备,C 制造业
300546,雄帝科技,C 制造业
300547,川环科技,C 制造业
300548,博创科技,C 制造业
300549,优德精密,C 制造业
300550,和仁科技,I 信息技术
300551,古鳌科技,C 制造业
300552,万集科技,I 信息技术
300553,集智股份,C 制造业
300554,三超新材,C 制造业
300555,ST路通,C 制造业
300556,丝路视觉,I 信息技术
300557,理工光科,C 制造业
300558,贝达药业,C 制造业
300559,佳发教育,I 信息技术
300560,中富通,I 信息技术
300561,汇金科技,I 信息技术
300562,乐心医疗,C 制造业
300563,神宇股份,C 制造业
300564,筑博设计,M 科研服务
300565,科信技术,C 制造业
300566,激智科技,C 制造业
300567,精测电子,C 制造业
300568,星源材质,C 制造业
300569,天能重工,C 制造业
300570,太辰光,C 制造业
300571,平治信息,I 信息技术
300572,安车检测,C 制造业
300573,兴齐眼药,C 制造业
300575,中旗股份,C 制造业
300576,容大感光,C 制造业
300577,开润股份,C 制造业
300578,会畅通讯,I 信息技术
300579,数字认证,I 信息技术
300580,贝斯特,C 制造业
300581,晨曦航空,C 制造业
300582,英飞特,C 制造业
300583,赛托生物,C 制造业
300584,海辰药业,C 制造业
300585,奥联电子,C 制造业
300586,美联新材,C 制造业
300587,天铁股份,C 制造业
300588,熙菱信息,I 信息技术
300589,江龙船艇,C 制造业
300590,移为通信,C 制造业
300591,万里马,C 制造业
300592,华凯易佰,F 批发零售
300593,新雷能,C 制造业
300594,朗进科技,C 制造业
300595,欧普康视,C 制造业
300596,利安隆,C 制造业
300597,吉大通信,I 信息技术
300598,诚迈科技,I 信息技术
300599,雄塑科技,C 制造业
300600,国瑞科技,C 制造业
300601,康泰生物,C 制造业
300602,飞荣达,C 制造业
300603,立昂技术,I 信息技术
300604,长川科技,C 制造业
300605,恒锋信息,I 信息技术
300606,金太阳,C 制造业
300607,拓斯达,C 制造业
300608,思特奇,I 信息技术
300609,汇纳科技,I 信息技术
300610,晨化股份,C 制造业
300611,美力科技,C 制造业
300612,宣亚国际,L 商务服务
300613,富瀚微,I 信息技术
300614,百川畅银,N 公共环保
300615,欣天科技,C 制造业
300616,尚品宅配,C 制造业
300617,安靠智电,C 制造业
300618,寒锐钴业,C 制造业
300619,金银河,C 制造业
300620,光库科技,C 制造业
300621,维业股份,E 建筑业
300622,博士眼镜,F 批发零售
300623,捷捷微电,C 制造业
300624,万兴科技,I 信息技术
300625,三雄极光,C 制造业
300626,华瑞股份,C 制造业
300627,华测导航,C 制造业
300628,亿联网络,C 制造业
300629,新劲刚,C 制造业
300630,普利制药,C 制造业
300631,久吾高科,C 制造业
300632,光莆股份,C 制造业
300633,开立医疗,C 制造业
300634,彩讯股份,I 信息技术
300635,中达安,M 科研服务
300636,同和药业,C 制造业
300637,扬帆新材,C 制造业
300638,广和通,C 制造业
300639,凯普生物,C 制造业
300640,德艺文创,C 制造业
300641,正丹股份,C 制造业
300642,透景生命,C 制造业
300643,万通智控,C 制造业
300644,南京聚隆,C 制造业
300645,正元智慧,I 信息技术
300647,超频三,C 制造业
300648,星云股份,C 制造业
300649,杭州园林,E 建筑业
300650,太龙股份,F 批发零售
300651,金陵体育,C 制造业
300652,雷迪克,C 制造业
300653,正海生物,C 制造业
300654,世纪天鸿,R 文化传播
300655,晶瑞电材,C 制造业
300656,民德电子,C 制造业
300657,弘信电子,C 制造业
300658,延江股份,C 制造业
300659,中孚信息,I 信息技术
300660,江苏雷利,C 制造业
300661,圣邦股份,C 制造业
300662,科锐国际,L 商务服务
300663,科蓝软件,I 信息技术
300664,鹏鹞环保,N 公共环保
300665,飞鹿股份,C 制造业
300666,江丰电子,C 制造业
300667,必创科技,C 制造业
300668,杰恩设计,M 科研服务
300669,沪宁股份,C 制造业
300670,大烨智能,C 制造业
300671,富满微,I 信息技术
300672,国科微,C 制造业
300673,佩蒂股份,C 制造业
300674,宇信科技,I 信息技术
300675,建科院,M 科研服务
300676,华大基因,M 科研服务
300677,英科医疗,C 制造业
300678,中科信息,I 信息技术
300679,电连技术,C 制造业
300680,隆盛科技,C 制造业
300681,英搏尔,C 制造业
300682,朗新科技,I 信息技术
300683,海特生物,C 制造业
300684,中石科技,C 制造业
300685,艾德生物,C 制造业
300686,智动力,C 制造业
300687,赛意信息,I 信息技术
300688,创业黑马,L 商务服务
300689,澄天伟业,C 制造业
300690,双一科技,C 制造业
300691,联合光电,C 制造业
300692,中环环保,N 公共环保
300693,盛弘股份,C 制造业
300694,蠡湖股份,C 制造业
300695,兆丰股份,C 制造业
300696,爱乐达,C 制造业
300697,电工合金,C 制造业
300698,万马科技,C 制造业
300699,光威复材,C 制造业
300700,岱勒新材,C 制造业
300701,森霸传感,C 制造业
300702,天宇股份,C 制造业
300703,创源股份,C 制造业
300705,九典制药,C 制造业
300706,阿石创,C 制造业
300707,威唐工业,C 制造业
300708,聚灿光电,C 制造业
300709,精研科技,C 制造业
300710,万隆光电,C 制造业
300711,广哈通信,C 制造业
300712,永福股份,E 建筑业
300713,英可瑞,C 制造业
300715,凯伦股份,C 制造业
300716,泉为科技,C 制造业
300717,华信新材,C 制造业
300718,长盛轴承,C 制造业
300719,安达维尔,C 制造业
300720,海川智能,C 制造业
300721,怡达股份,C 制造业
300722,新余国科,C 制造业
300723,一品红,C 制造业
300724,捷佳伟创,C 制造业
300725,药石科技,C 制造业
300726,宏达电子,C 制造业
300727,润禾材料,C 制造业
300729,乐歌股份,C 制造业
300730,科创信息,I 信息技术
300731,科创新源,C 制造业
300732,设研院,M 科研服务
300733,西菱动力,C 制造业
300735,光弘科技,C 制造业
300736,百邦科技,O 居民服务
300737,科顺股份,C 制造业
300738,奥飞数据,I 信息技术
300739,明阳电路,C 制造业
300740,水羊股份,C 制造业
300741,华宝股份,C 制造业
300742,*ST越博,C 制造业
300743,天地数码,C 制造业
300745,欣锐科技,C 制造业
300746,汉嘉设计,M 科研服务
300747,锐科激光,C 制造业
300748,金力永磁,C 制造业
300749,顶固集创,C 制造业
300750,宁德时代,C 制造业
300751,迈为股份,C 制造业
300752,隆利科技,C 制造业
300753,爱朋医疗,C 制造业
300755,华致酒行,F 批发零售
300756,金马游乐,C 制造业
300757,罗博特科,C 制造业
300758,七彩化学,C 制造业
300759,康龙化成,M 科研服务
300760,迈瑞医疗,C 制造业
300761,立华股份,A 农林牧渔
300762,上海瀚讯,C 制造业
300763,锦浪科技,C 制造业
300765,新诺威,C 制造业
300766,每日互动,I 信息技术
300767,震安科技,C 制造业
300768,迪普科技,I 信息技术
300769,德方纳米,C 制造业
300770,新媒股份,I 信息技术
300771,智莱科技,C 制造业
300772,运达股份,C 制造业
300773,拉卡拉,I 信息技术
300774,倍杰特,N 公共环保
300775,三角防务,C 制造业
300776,帝尔激光,C 制造业
300777,中简科技,C 制造业
300778,新城市,M 科研服务
300779,惠城环保,C 制造业
300780,德恩精工,C 制造业
300781,因赛集团,L 商务服务
300782,卓胜微,C 制造业
300783,三只松鼠,F 批发零售
300785,值得买,I 信息技术
300786,国林科技,C 制造业
300787,海能实业,C 制造业
300788,中信出版,R 文化传播
300789,唐源电气,I 信息技术
300790,宇瞳光学,C 制造业
300791,仙乐健康,C 制造业
300792,壹网壹创,I 信息技术
300793,佳禾智能,C 制造业
300795,米奥会展,L 商务服务
300796,贝斯美,C 制造业
300797,钢研纳克,M 科研服务
300798,锦鸡股份,C 制造业
300799,*ST左江,I 信息技术
300800,力合科技,C 制造业
300801,泰和科技,C 制造业
300802,矩子科技,C 制造业
300803,指南针,J 金融业
300804,广康生化,C 制造业
300805,电声股份,L 商务服务
300806,斯迪克,C 制造业
300807,天迈科技,C 制造业
300808,久量股份,C 制造业
300809,华辰装备,C 制造业
300810,中科海讯,I 信息技术
300811,铂科新材,C 制造业
300812,易天股份,C 制造业
300813,泰林生物,C 制造业
300814,中富电路,C 制造业
300815,玉禾田,N 公共环保
300816,艾可蓝,N 公共环保
300817,双飞股份,C 制造业
300818,耐普矿机,C 制造业
300819,聚杰微纤,C 制造业
300820,英杰电气,C 制造业
300821,东岳硅材,C 制造业
300822,贝仕达克,C 制造业
300823,建科机械,C 制造业
300824,北鼎股份,C 制造业
300825,阿尔特,M 科研服务
300826,测绘股份,M 科研服务
300827,上能电气,C 制造业
300828,锐新科技,C 制造业
300829,金丹科技,C 制造业
300830,金现代,I 信息技术
300831,派瑞股份,C 制造业
300832,新产业,C 制造业
300833,浩洋股份,C 制造业
300834,星辉环材,C 制造业
300835,龙磁科技,C 制造业
300836,佰奥智能,C 制造业
300837,浙矿股份,C 制造业
300838,浙江力诺,C 制造业
300839,博汇股份,C 制造业
300840,酷特智能,C 制造业
300841,康华生物,C 制造业
300842,帝科股份,C 制造业
300843,胜蓝股份,C 制造业
300844,山水比德,M 科研服务
300845,捷安高科,I 信息技术
300846,首都在线,I 信息技术
300847,中船汉光,C 制造业
300848,美瑞新材,C 制造业
300849,锦盛新材,C 制造业
300850,新强联,C 制造业
300851,交大思诺,I 信息技术
300852,四会富仕,C 制造业
300853,申昊科技,C 制造业
300854,中兰环保,N 公共环保
300855,图南股份,C 制造业
300856,科思股份,C 制造业
300857,协创数据,C 制造业
300858,科拓生物,C 制造业
300859,*ST西域,N 公共环保
300860,锋尚文化,R 文化传播
300861,美畅股份,C 制造业
300862,蓝盾光电,C 制造业
300863,卡倍亿,C 制造业
300864,南大环境,N 公共环保
300865,大宏立,C 制造业
300866,安克创新,C 制造业
300867,圣元环保,N 公共环保
300868,杰美特,C 制造业
300869,康泰医学,C 制造业
300870,欧陆通,C 制造业
300871,回盛生物,C 制造业
300872,天阳科技,I 信息技术
300873,海晨股份,G 运输仓储
300875,捷强装备,C 制造业
300876,蒙泰高新,C 制造业
300877,金春股份,C 制造业
300878,维康药业,C 制造业
300879,大叶股份,C 制造业
300880,迦南智能,C 制造业
300881,盛德鑫泰,C 制造业
300882,万胜智能,C 制造业
300883,龙利得,C 制造业
300884,狄耐克,C 制造业
300885,海昌新材,C 制造业
300886,华业香料,C 制造业
300887,谱尼测试,M 科研服务
300888,稳健医疗,C 制造业
300889,爱克股份,C 制造业
300890,翔丰华,C 制造业
300891,惠云钛业,C 制造业
300892,品渥食品,F 批发零售
300893,松原股份,C 制造业
300894,火星人,C 制造业
300895,铜牛信息,I 信息技术
300896,爱美客,C 制造业
300897,山科智能,C 制造业
300898,熊猫乳品,C 制造业
300899,上海凯鑫,N 公共环保
300900,广联航空,C 制造业
300901,中胤时尚,M 科研服务
300902,国安达,C 制造业
300903,科翔股份,C 制造业
300904,威力传动,C 制造业
300905,宝丽迪,C 制造业
300906,日月明,C 制造业
300907,康平科技,C 制造业
300908,仲景食品,C 制造业
300909,汇创达,C 制造业
300910,瑞丰新材,C 制造业
300911,亿田智能,C 制造业
300912,凯龙高科,N 公共环保
300913,兆龙互连,C 制造业
300915,海融科技,C 制造业
300916,朗特智能,C 制造业
300917,特发服务,K 房地产
300918,南山智尚,C 制造业
300919,中伟股份,C 制造业
300920,润阳科技,C 制造业
300921,南凌科技,I 信息技术
300922,天秦装备,C 制造业
300923,研奥股份,C 制造业
300925,法本信息,I 信息技术
300926,博俊科技,C 制造业
300927,江天化学,C 制造业
300928,华安鑫创,M 科研服务
300929,华骐环保,N 公共环保
300930,屹通新材,C 制造业
300931,通用电梯,C 制造业
300932,三友联众,C 制造业
300933,中辰股份,C 制造业
300935,盈建科,I 信息技术
300936,中英科技,C 制造业
300937,药易购,F 批发零售
300938,信测标准,M 科研服务
300939,秋田微,C 制造业
300940,南极光,C 制造业
300941,创识科技,I 信息技术
300942,易瑞生物,C 制造业
300943,春晖智控,C 制造业
300945,曼卡龙,F 批发零售
300946,恒而达,C 制造业
300947,德必集团,L 商务服务
300948,冠中生态,N 公共环保
300949,奥雅股份,M 科研服务
300950,德固特,C 制造业
300951,博硕科技,C 制造业
300952,恒辉安防,C 制造业
300953,震裕科技,C 制造业
300955,嘉亨家化,C 制造业
300956,英力股份,C 制造业
300957,贝泰妮,C 制造业
300958,建工修复,N 公共环保
300959,线上线下,I 信息技术
300960,通业科技,C 制造业
300961,深水海纳,N 公共环保
300962,中金辐照,C 制造业
300963,中洲特材,C 制造业
300964,本川智能,C 制造业
300965,恒宇信通,C 制造业
300966,共同药业,C 制造业
300967,晓鸣股份,A 农林牧渔
300968,格林精密,C 制造业
300969,恒帅股份,C 制造业
300970,华绿生物,A 农林牧渔
300971,博亚精工,C 制造业
300972,万辰集团,A 农林牧渔
300973,立高食品,C 制造业
300975,商络电子,F 批发零售
300976,达瑞电子,C 制造业
300977,深圳瑞捷,M 科研服务
300978,东箭科技,C 制造业
300979,华利集团,C 制造业
300980,祥源新材,C 制造业
300981,中红医疗,C 制造业
300982,苏文电能,E 建筑业
300983,尤安设计,M 科研服务
300984,金沃股份,C 制造业
300985,致远新能,C 制造业
300986,志特新材,C 制造业
300987,川网传媒,I 信息技术
300988,津荣天宇,C 制造业
300989,蕾奥规划,M 科研服务
300990,同飞股份,C 制造业
300991,创益通,C 制造业
300992,泰福泵业,C 制造业
300993,玉马遮阳,C 制造业
300994,久祺股份,C 制造业
300995,奇德新材,C 制造业
300996,普联软件,I 信息技术
300997,欢乐家,C 制造业
300998,宁波方正,C 制造业
300999,金龙鱼,C 制造业
301000,肇民科技,C 制造业
301001,凯淳股份,I 信息技术
301002,崧盛股份,C 制造业
301003,江苏博云,C 制造业
301004,嘉益股份,C 制造业
301005,超捷股份,C 制造业
301006,迈拓股份,C 制造业
301007,德迈仕,C 制造业
301008,宏昌科技,C 制造业
301009,可靠股份,C 制造业
301010,晶雪节能,C 制造业
301011,华立科技,C 制造业
301012,扬电科技,C 制造业
301013,利和兴,C 制造业
301015,百洋医药,F 批发零售
301016,雷尔伟,C 制造业
301017,漱玉平民,F 批发零售
301018,申菱环境,C 制造业
301019,宁波色母,C 制造业
301020,密封科技,C 制造业
301021,英诺激光,C 制造业
301022,海泰科,C 制造业
301023,江南奕帆,C 制造业
301024,霍普股份,M 科研服务
301025,读客文化,R 文化传播
301026,浩通科技,C 制造业
301027,华蓝集团,M 科研服务
301028,东亚机械,C 制造业
301029,怡合达,C 制造业
301030,仕净科技,C 制造业
301031,中熔电气,C 制造业
301032,新柴股份,C 制造业
301033,迈普医学,C 制造业
301035,润丰股份,C 制造业
301036,双乐股份,C 制造业
301037,保立佳,C 制造业
301038,深水规院,M 科研服务
301039,中集车辆,C 制造业
301040,中环海陆,C 制造业
301041,金百泽,C 制造业
301042,安联锐视,C 制造业
301043,绿岛风,C 制造业
301045,天禄科技,C 制造业
301046,能辉科技,M 科研服务
301047,义翘神州,M 科研服务
301048,金鹰重工,C 制造业
301049,超越科技,N 公共环保
301050,雷电微力,C 制造业
301051,信濠光电,C 制造业
301052,果麦文化,R 文化传播
301053,远信工业,C 制造业
301055,张小泉,C 制造业
301056,森赫股份,C 制造业
301057,汇隆新材,C 制造业
301058,中粮科工,M 科研服务
301059,金三江,C 制造业
301060,兰卫医学,Q 卫生
301061,匠心家居,C 制造业
301062,上海艾录,C 制造业
301063,海锅股份,C 制造业
301065,本立科技,C 制造业
301066,万事利,C 制造业
301067,显盈科技,C 制造业
301068,大地海洋,C 制造业
301069,凯盛新材,C 制造业
301070,开勒股份,C 制造业
301071,力量钻石,C 制造业
301072,中捷精工,C 制造业
301073,君亭酒店,H 住宿餐饮
301075,多瑞医药,C 制造业
301076,新瀚新材,C 制造业
301077,星华新材,C 制造业
301078,孩子王,F 批发零售
301079,邵阳液压,C 制造业
301080,百普赛斯,M 科研服务
301081,严牌股份,C 制造业
301082,久盛电气,C 制造业
301083,百胜智能,C 制造业
301085,亚康股份,F 批发零售
301086,鸿富瀚,C 制造业
301087,可孚医疗,C 制造业
301088,戎美股份,F 批发零售
301089,拓新药业,C 制造业
301090,华润材料,C 制造业
301091,深城交,M 科研服务
301092,争光股份,C 制造业
301093,华兰股份,C 制造业
301095,广立微,I 信息技术
301096,百诚医药,M 科研服务
301097,天益医疗,C 制造业
301098,金埔园林,E 建筑业
301099,雅创电子,F 批发零售
301100,风光股份,C 制造业
301101,明月镜片,C 制造业
301102,兆讯传媒,L 商务服务
301103,何氏眼科,Q 卫生
301105,鸿铭股份,C 制造业
301106,骏成科技,C 制造业
301107,瑜欣电子,C 制造业
301108,洁雅股份,C 制造业
301109,军信股份,N 公共环保
301110,青木股份,I 信息技术
301111,粤万年青,C 制造业
301112,信邦智能,C 制造业
301113,雅艺科技,C 制造业
301115,建科股份,M 科研服务
301116,益客食品,C 制造业
301117,佳缘科技,I 信息技术
301118,恒光股份,C 制造业
301119,正强股份,C 制造业
301120,新特电气,C 制造业
301121,紫建电子,C 制造业
301122,采纳股份,C 制造业
301123,奕东电子,C 制造业
301125,腾亚精工,C 制造业
301126,达嘉维康,F 批发零售
301127,天源环保,N 公共环保
301128,强瑞技术,C 制造业
301129,瑞纳智能,C 制造业
301130,西点药业,C 制造业
301131,聚赛龙,C 制造业
301132,满坤科技,C 制造业
301133,金钟股份,C 制造业
301135,瑞德智能,C 制造业
301136,招标股份,M 科研服务
301137,哈焊华通,C 制造业
301138,华研精机,C 制造业
301139,元道通信,I 信息技术
301141,中科磁业,C 制造业
301148,嘉戎技术,N 公共环保
301149,隆华新材,C 制造业
301150,中一科技,C 制造业
301151,冠龙节能,C 制造业
301152,天力锂能,C 制造业
301153,中科江南,I 信息技术
301155,海力风电,C 制造业
301156,美农生物,C 制造业
301157,华塑科技,C 制造业
301158,德石股份,C 制造业
301159,三维天地,I 信息技术
301160,翔楼新材,C 制造业
301161,唯万密封,C 制造业
301162,国能日新,I 信息技术
301163,宏德股份,C 制造业
301165,锐捷网络,C 制造业
301166,优宁维,F 批发零售
301167,建研设计,M 科研服务
301168,通灵股份,C 制造业
301169,零点有数,L 商务服务
301170,锡南科技,C 制造业
301171,易点天下,I 信息技术
301172,君逸数码,I 信息技术
301175,中科环保,N 公共环保
301176,逸豪新材,C 制造业
301177,迪阿股份,F 批发零售
301178,天亿马,I 信息技术
301179,泽宇智能,I 信息技术
301180,万祥科技,C 制造业
301181,标榜股份,C 制造业
301182,凯旺科技,C 制造业
301183,东田微,C 制造业
301185,鸥玛软件,I 信息技术
301186,超达装备,C 制造业
301187,欧圣电气,C 制造业
301188,力诺特玻,C 制造业
301189,奥尼电子,C 制造业
301190,善水科技,C 制造业
301191,菲菱科思,C 制造业
301192,泰祥股份,C 制造业
301193,家联科技,C 制造业
301195,北路智控,I 信息技术
301196,唯科科技,C 制造业
301197,工大科雅,I 信息技术
301198,喜悦智行,C 制造业
301199,迈赫股份,C 制造业
301200,大族数控,C 制造业
301201,诚达药业,C 制造业
301202,朗威股份,C 制造业
301203,国泰环保,N 公共环保
301205,联特科技,C 制造业
301206,三元生物,C 制造业
301207,华兰疫苗,C 制造业
301208,中亦科技,I 信息技术
301209,联合化学,C 制造业
301210,金杨股份,C 制造业
301211,亨迪药业,C 制造业
301212,联盛化学,C 制造业
301213,观想科技,I 信息技术
301215,中汽股份,M 科研服务
301216,万凯新材,C 制造业
301217,铜冠铜箔,C 制造业
301218,华是科技,I 信息技术
301219,腾远钴业,C 制造业
301220,亚香股份,C 制造业
301221,光庭信息,I 信息技术
301222,浙江恒威,C 制造业
301223,中荣股份,C 制造业
301225,恒勃股份,C 制造业
301226,祥明智能,C 制造业
301227,森鹰窗业,C 制造业
301228,实朴检测,M 科研服务
301229,纽泰格,C 制造业
301230,泓博医药,M 科研服务
301231,荣信文化,R 文化传播
301232,飞沃科技,C 制造业
301233,盛帮股份,C 制造业
301234,五洲医疗,C 制造业
301235,华康医疗,M 科研服务
301236,软通动力,I 信息技术
301237,和顺科技,C 制造业
301238,瑞泰新材,C 制造业
301239,普瑞眼科,Q 卫生
301246,宏源药业,C 制造业
301248,杰创智能,I 信息技术
301251,威尔高,C 制造业
301252,同星科技,C 制造业
301255,通力科技,C 制造业
301256,华融化学,C 制造业
301257,普蕊斯,M 科研服务
301258,富士莱,C 制造业
301259,艾布鲁,N 公共环保
301260,格力博,C 制造业
301261,恒工精密,C 制造业
301262,海看股份,I 信息技术
301263,泰恩康,F 批发零售
301265,华新环保,C 制造业
301266,宇邦新材,C 制造业
301267,华厦眼科,Q 卫生
301268,铭利达,C 制造业
301269,华大九天,I 信息技术
301270,汉仪股份,I 信息技术
301272,英华特,C 制造业
301273,瑞晨环保,C 制造业
301276,嘉曼服饰,C 制造业
301277,新天地,C 制造业
301278,快可电子,C 制造业
301279,金道科技,C 制造业
301280,珠城科技,C 制造业
301281,科源制药,C 制造业
301282,金禄电子,C 制造业
301283,聚胶股份,C 制造业
301285,鸿日达,C 制造业
301286,侨源股份,C 制造业
301287,康力源,C 制造业
301288,清研环境,C 制造业
301289,国缆检测,M 科研服务
301290,东星医疗,C 制造业
301291,明阳电气,C 制造业
301292,海科新源,C 制造业
301293,三博脑科,Q 卫生
301295,美硕科技,C 制造业
301296,新巨丰,C 制造业
301297,富乐德,M 科研服务
301298,东利机械,C 制造业
301299,卓创资讯,I 信息技术
301300,远翔新材,C 制造业
301301,川宁生物,C 制造业
301302,华如科技,I 信息技术
301303,真兰仪表,C 制造业
301305,朗坤环境,N 公共环保
301306,西测测试,M 科研服务
301307,美利信,C 制造业
301308,江波龙,C 制造业
301309,万得凯,C 制造业
301310,鑫宏业,C 制造业
301311,昆船智能,C 制造业
301312,智立方,C 制造业
301313,凡拓数创,I 信息技术
301314,科瑞思,C 制造业
301315,威士顿,I 信息技术
301316,慧博云通,I 信息技术
301317,鑫磊股份,C 制造业
301318,维海德,C 制造业
301319,唯特偶,C 制造业
301320,豪江智能,C 制造业
301321,翰博高新,C 制造业
301322,绿通科技,C 制造业
301323,新莱福,C 制造业
301325,曼恩斯特,C 制造业
301326,捷邦科技,C 制造业
301327,华宝新能,C 制造业
301328,维峰电子,C 制造业
301329,信音电子,C 制造业
301330,熵基科技,C 制造业
301331,恩威医药,C 制造业
301332,德尔玛,C 制造业
301333,诺思格,M 科研服务
301335,天元宠物,C 制造业
301336,趣睡科技,C 制造业
301337,亚华电子,I 信息技术
301338,凯格精机,C 制造业
301339,通行宝,I 信息技术
301345,涛涛车业,C 制造业
301348,蓝箭电子,C 制造业
301349,信德新材,C 制造业
301353,普莱得,C 制造业
301355,南王科技,C 制造业
301356,天振股份,C 制造业
301357,北方长龙,C 制造业
301358,湖南裕能,C 制造业
301359,东南电子,C 制造业
301360,荣旗科技,C 制造业
301361,众智科技,C 制造业
301362,民爆光电,C 制造业
301363,美好医疗,C 制造业
301365,矩阵股份,M 科研服务
301366,一博科技,C 制造业
301367,怡和嘉业,C 制造业
301368,丰立智能,C 制造业
301369,联动科技,C 制造业
301370,国科恒泰,F 批发零售
301371,敷尔佳,C 制造业
301372,科净源,N 公共环保
301373,凌玮科技,C 制造业
301376,致欧科技,F 批发零售
301377,鼎泰高科,C 制造业
301378,通达海,I 信息技术
301379,天山电子,C 制造业
301380,挖金客,I 信息技术
301381,赛维时代,F 批发零售
301382,蜂助手,I 信息技术
301383,天键股份,C 制造业
301386,未来电器,C 制造业
301387,光大同创,C 制造业
301388,欣灵电气,C 制造业
301389,隆扬电子,C 制造业
301390,经纬股份,M 科研服务
301391,卡莱特,C 制造业
301393,昊帆生物,C 制造业
301395,仁信新材,C 制造业
301396,宏景科技,I 信息技术
301397,溯联股份,C 制造业
301398,星源卓镁,C 制造业
301399,英特科技,C 制造业
301408,华人健康,F 批发零售
301418,协昌科技,C 制造业
301419,阿莱德,C 制造业
301421,波长光电,C 制造业
301428,世纪恒通,I 信息技术
301429,森泰股份,C 制造业
301439,泓淋电力,C 制造业
301446,福事特,C 制造业
301448,开创电气,C 制造业
301456,盘古智能,C 制造业
301468,博盈特焊,C 制造业
301469,恒达新材,C 制造业
301486,致尚科技,C 制造业
301487,盟固利,C 制造业
301488,豪恩汽电,C 制造业
301498,乖宝宠物,C 制造业
301499,维科精密,C 制造业
301500,飞南资源,C 制造业
301503,智迪科技,C 制造业
301505,苏州规划,M 科研服务
301507,民生健康,C 制造业
301509,金凯生科,C 制造业
301510,固高科技,C 制造业
301511,德福科技,C 制造业
301512,智信精密,C 制造业
301515,港通医疗,C 制造业
301518,长华化学,C 制造业
301519,舜禹股份,C 制造业
301520,C万邦医药,M 科研服务
301525,儒竞科技,C 制造业
301528,多浦乐,C 制造业
301529,福赛科技,C 制造业
301533,威马农机,C 制造业
301548,崇德科技,C 制造业
301550,斯菱股份,C 制造业
